persta1,persta2,persta3,persta4,persta5,pereng6,pereng7,pereng8,pereng9,pereng10,pt1,pt2,pt3,pt4,emp1,emp2,emp3,emp4,gbjw1,gbjw2,gbjw3,gbjw4,gbjw5,gbjw6,pbjw1,pbjw2,pbjw3,pbjw4,pbjw5,pbjw6,pbjw7,sef1,sef2,sef3,sef4,sef5,sef6,sef7,sef8,sef9,sef10,sd1,sd2,sd3,sd4,sd5,sd6,sd7,sd8,sd9,sd10,lj1,lj2,lj3,lj4,lj5,lj6,lj7,lj8,lj9,lj10,sj1,sj2,sj3,sj4,sj5,sj6,gender,age,webhours,cbv_avg
1,1,0,1,1,1,1,0,1,1,4,2,4,2,5,6,5,5,5,3,2,4,3,3,4,5,4,4,5,5,4,4,5,4,5,5,6,6,5,5,2,6,4,4,2,5,5,6,6,3,3,5,1,1,1,1,5,4,1,3,2,2,5,5,2,1,2,Female,22,0.5,1
1,1,0,1,1,1,1,0,1,1,4,2,4,2,5,6,5,4,3,4,1,5,3,3,5,6,5,3,4,4,4,5,5,4,5,6,6,5,3,5,2,6,4,5,6,6,6,6,4,6,4,5,1,3,3,2,6,2,4,4,3,2,6,6,3,2,2,Male,26,2,1
1,1,0,1,1,1,1,0,1,1,6,2,4,2,1,6,6,6,6,6,5,4,3,5,5,6,6,5,6,4,5,6,5,6,6,6,2,6,6,6,4,6,6,1,2,5,6,6,6,6,4,4,2,5,2,2,5,3,2,1,2,1,6,3,1,1,1,Female,19,2.5,1.181818182
0,0,0,0,0,0,0,0,0,0,5,3,5,5,5,5,4,5,5,3,3,4,4,4,5,4,5,5,5,5,5,5,5,4,4,5,3,4,4,4,4,6,4,3,4,5,4,6,2,2,2,4,3,3,2,2,4,4,2,5,2,2,5,4,2,2,2,Female,25,5.5,1
1,1,0,1,1,1,1,0,1,1,6,6,6,1,6,6,6,6,5,1,3,4,1,3,4,6,5,5,4,4,5,4,5,1,1,5,2,4,3,3,4,6,6,1,6,5,6,5,6,2,1,6,3,1,1,1,5,6,1,1,1,1,6,6,1,1,1,Female,20,2.5,1
1,1,0,1,1,1,1,0,1,1,6,4,5,5,4,4,5,5,3,3,3,3,2,3,5,4,4,4,4,3,4,5,5,4,3,4,2,3,5,4,3,6,6,1,5,5,5,2,6,1,2,5,3,3,3,3,5,3,3,2,3,5,3,4,3,3,3,Female,20,3,1
1,1,0,1,1,1,1,0,1,1,6,5,5,5,3,5,4,5,3,3,5,4,3,5,4,3,5,4,5,4,5,5,5,4,3,5,5,5,5,5,5,5,5,3,5,2,5,4,5,3,2,5,3,2,1,2,4,4,3,4,1,2,5,4,2,3,2,Male,19,2,1
1,1,0,1,1,1,1,0,1,1,3,3,6,4,4,4,4,4,4,3,4,4,6,4,5,5,5,4,4,3,4,4,4,4,3,5,5,5,4,4,5,5,4,3,6,4,5,5,6,3,2,5,2,4,1,2,5,4,2,4,2,4,4,4,2,3,3,Female,24,2.5,1
1,1,0,1,1,1,1,0,1,1,5,6,4,4,6,5,5,4,4,3,4,4,3,2,1,4,5,4,5,5,4,4,3,3,2,3,3,4,4,3,3,6,5,4,5,5,5,5,5,6,3,4,2,5,1,2,4,5,2,2,1,2,6,5,1,1,1,Male,22,6,1.909090909
1,1,1,1,1,1,1,0,1,0,5,4,4,4,5,5,4,4,5,5,6,5,5,5,6,5,5,5,5,5,5,3,4,4,3,4,4,4,4,4,3,6,4,1,4,4,5,5,4,3,2,6,1,1,1,1,5,6,1,1,1,1,5,5,1,1,1,Female,21,4,1.181818182
1,1,0,1,1,1,1,0,1,1,4,3,4,4,3,6,4,4,5,3,4,4,4,4,6,5,5,6,5,5,5,4,4,3,4,4,4,3,4,4,4,5,4,2,5,5,5,6,3,3,2,5,1,1,1,1,5,5,1,1,1,2,5,5,2,1,1,Female,18,3,1.454545455
1,1,0,1,1,1,1,0,1,1,5,3,6,5,5,4,3,4,3,4,3,4,4,3,6,5,5,5,6,5,5,5,4,4,3,3,2,3,4,4,4,6,6,1,6,5,5,6,6,2,1,5,1,2,1,1,6,5,1,1,1,1,6,5,1,1,1,Male,23,3,1.545454545
1,1,0,1,1,1,1,0,1,1,4,4,4,5,4,4,4,5,3,1,2,3,1,3,2,5,5,5,4,5,5,5,4,3,3,4,2,5,2,3,3,6,6,1,5,5,6,5,4,4,1,5,2,2,2,2,5,5,1,3,1,1,6,5,1,1,1,Female,21,3.5,1
1,1,0,1,1,1,1,0,1,1,5,5,5,5,4,5,5,6,4,3,4,3,3,4,5,4,5,4,5,5,5,5,5,3,4,5,5,5,5,5,5,5,5,2,5,5,5,4,5,4,3,5,2,3,2,2,4,5,3,2,2,2,5,5,2,2,2,Male,24,2,1
1,1,0,1,1,1,1,0,1,1,5,4,5,5,4,3,5,5,3,1,3,3,6,4,5,5,5,4,5,4,3,5,4,3,2,3,3,4,4,3,3,6,5,1,5,4,1,5,4,1,2,5,1,3,1,1,5,4,1,1,2,2,5,4,2,2,2,Female,21,4,1
1,1,0,1,1,1,1,0,1,1,5,4,5,5,5,6,5,5,5,1,5,4,1,4,5,6,5,5,5,5,5,5,5,5,5,5,5,6,5,5,6,6,5,1,6,5,6,6,5,1,1,6,4,1,1,1,5,5,1,5,1,2,5,5,5,1,1,Female,22,2,1
0,0,1,0,0,0,0,1,0,0,5,4,5,4,3,2,3,4,3,2,3,4,4,4,4,3,4,4,4,3,4,5,4,2,4,5,5,5,5,5,5,6,5,3,5,5,4,2,5,2,2,6,5,5,3,2,4,4,2,4,2,2,4,5,3,3,3,Female,23,7,1
1,1,0,1,1,1,1,0,1,1,5,5,5,4,4,5,5,5,4,2,4,6,4,6,6,5,5,6,6,5,5,5,4,5,3,4,4,6,5,5,4,6,4,2,4,5,5,2,4,2,2,5,2,4,2,1,5,5,1,4,1,2,6,5,1,1,1,Female,23,1.75,1
1,1,0,1,1,1,1,0,1,1,6,6,6,6,6,6,6,6,4,3,4,5,5,3,5,5,5,5,5,5,5,5,5,5,5,5,5,5,6,5,6,6,6,2,6,5,6,5,6,1,3,5,2,2,2,1,4,5,2,2,1,2,5,6,1,1,1,Female,21,5,1.181818182
1,1,0,1,0,1,1,1,1,1,4,2,3,3,5,6,6,4,4,1,3,2,2,2,3,2,3,3,3,4,3,2,2,1,1,2,1,2,1,1,1,6,5,3,6,3,5,3,5,2,2,5,1,1,1,1,4,4,1,1,1,2,5,5,1,1,2,Female,21,6,1
0,0,0,1,0,1,1,1,0,1,3,3,3,3,4,5,5,4,3,3,4,4,2,4,5,3,4,4,4,4,4,5,4,4,3,4,3,4,3,3,4,4,4,4,3,4,4,5,3,3,3,5,3,3,2,2,5,4,2,2,3,3,4,4,2,2,2,Female,23,3,1.636363636
1,1,0,1,1,1,1,0,1,1,6,5,5,1,5,3,4,1,4,3,3,4,6,2,5,4,5,5,1,5,1,5,5,5,4,6,5,5,5,5,1,6,5,2,2,1,5,1,4,1,1,6,2,5,5,5,5,4,5,5,1,2,6,5,5,1,5,Female,20,1.5,1
1,1,0,1,1,1,1,0,1,1,5,6,5,4,6,6,2,5,1,1,2,6,1,3,6,6,4,6,5,2,2,5,6,6,3,2,3,2,3,5,2,6,4,1,5,6,5,5,4,4,4,5,4,2,2,2,5,5,3,1,5,2,6,5,2,5,2,Female,23,1.5,1
1,1,0,1,1,1,1,0,1,1,4,3,4,5,4,3,2,4,4,3,3,4,3,4,4,4,5,5,5,2,2,5,5,5,5,5,5,5,4,5,4,5,4,2,5,4,4,3,2,3,4,5,3,2,2,2,4,5,2,4,5,2,5,5,4,4,5,Female,36,2,1.545454545
1,1,0,1,1,1,1,0,1,1,6,5,3,1,5,5,1,5,5,3,5,4,5,5,5,4,5,5,5,1,4,4,5,5,5,6,4,5,6,1,6,6,3,1,6,6,5,6,5,1,1,6,1,3,1,1,6,5,6,6,4,1,6,1,5,2,5,Female,21,2,1.454545455
1,1,0,1,1,1,1,0,1,1,5,5,5,5,5,4,4,3,4,3,2,4,3,3,4,2,4,4,3,4,3,5,6,4,4,4,5,4,5,4,4,4,4,4,5,5,5,4,5,6,3,5,2,1,1,1,6,6,1,3,1,2,6,5,1,1,1,Male,28,3,1.454545455
1,1,0,1,1,1,1,0,1,1,5,5,6,6,4,6,4,2,2,2,2,4,4,3,5,5,4,4,4,5,4,4,4,3,2,2,4,2,3,2,2,5,3,6,4,4,5,3,4,5,4,5,4,4,2,2,5,5,2,2,2,3,5,4,2,2,2,Female,22,10,1.272727273
0,0,0,0,0,0,0,0,0,0,2,4,4,3,3,3,3,4,5,4,5,5,5,4,4,5,5,5,5,5,5,3,4,3,4,4,4,6,4,4,4,6,5,5,5,4,5,5,5,2,2,5,1,1,1,1,5,5,1,1,1,1,6,5,1,1,1,Male,21,6,1.090909091
1,1,0,1,1,1,1,0,1,1,4,4,4,4,4,4,4,5,4,2,3,3,2,2,5,5,5,5,5,5,5,5,6,5,4,5,5,5,6,4,4,5,6,3,4,4,5,6,4,2,1,4,1,1,1,2,5,4,1,1,1,2,5,5,1,1,1,Male,21,4,1
1,1,0,1,1,1,1,0,1,1,3,2,3,3,4,4,4,5,3,3,2,3,3,1,4,5,4,5,5,5,5,5,5,3,3,3,2,4,5,2,4,6,4,4,4,4,4,6,4,5,4,5,2,2,2,2,5,5,2,2,2,2,5,4,1,2,2,Female,21,2.5,1.090909091
1,1,0,1,1,1,1,0,1,1,5,3,5,2,3,2,4,4,4,1,1,1,1,1,5,5,6,5,5,5,5,6,5,5,5,5,3,5,5,5,5,5,4,1,4,5,6,6,5,1,1,5,1,2,1,1,5,6,1,2,1,1,6,6,1,1,1,Female,27,1,1
1,1,0,1,1,1,1,0,1,1,4,3,3,3,6,6,5,5,4,1,1,3,3,5,6,4,5,6,6,6,6,4,5,4,4,3,4,4,5,4,5,4,4,3,4,6,5,4,5,4,1,5,1,3,1,1,5,6,2,1,1,1,6,5,1,1,1,Female,21,1.75,1
1,1,0,1,1,1,1,0,1,1,4,3,4,3,4,4,3,3,4,2,2,3,2,2,4,4,5,4,4,4,4,5,5,4,4,4,4,4,4,4,3,6,4,1,3,4,4,6,3,1,3,6,1,1,1,1,5,5,1,1,1,2,6,5,1,1,1,Male,20,1.5,1
1,1,0,1,1,1,1,0,1,1,6,4,6,3,5,5,6,4,4,4,4,5,6,5,5,5,5,5,6,5,5,5,5,5,5,5,4,6,5,5,5,5,6,1,3,6,5,5,5,4,2,5,2,1,2,1,5,6,1,1,1,2,5,5,2,1,1,Female,18,3.5,1.272727273
1,1,0,1,1,1,1,0,1,1,6,6,6,5,6,4,5,5,3,3,2,4,3,5,4,4,5,4,4,5,4,5,4,3,2,4,3,4,4,4,4,5,5,4,3,5,5,5,5,6,1,6,2,2,1,1,5,5,1,1,1,3,5,4,1,1,1,Female,21,5,1
1,1,0,1,1,1,1,0,1,1,6,4,6,6,5,6,5,4,4,3,3,4,2,2,5,4,5,5,5,5,5,5,5,4,4,5,5,5,5,5,6,6,4,3,5,6,5,4,5,2,2,5,2,1,1,1,6,5,1,4,2,2,5,6,1,1,1,Female,21,3,1
1,1,0,1,1,1,1,0,1,1,5,5,5,5,5,6,1,5,5,2,2,4,4,3,6,6,5,6,6,6,6,5,5,5,5,5,4,5,5,5,5,5,5,2,5,5,5,6,4,6,2,5,1,1,1,1,5,6,1,1,1,2,5,5,1,1,1,Female,22.63,3,1.090909091
1,1,0,1,1,1,1,0,1,1,6,4,6,6,6,5,4,4,5,4,2.903752039,3,4,4,4,4,5,4,5,4,4,4,5,5,4,5,4,6,5,5,5,6,6,1,5,5,6,6,6,1,1,5,2,4,2,2,5,5,2,4,2,2,5,5,2,2,2,Female,21,3,1
1,1,0,1,1,1,1,0,1,1,5,4,5,4,3,6,4,4,4,4,4,4,4,2,6,5,5,5,6,5,5,5,5,5,5,5,5,6,5,5,5,5,5,5,5,5,6,4,4,4,4,5,3,3,2,1,4,5,1,2,1,2,6,5,1,1,1,Female,21,2.5,1
1,1,0,1,1,1,1,0,1,1,4,4,4,4,4,4,4,5,2,1,3,2,2,3,4,4,4,4,4,4,4,5,4,4,3,4,4,4,3,4,4,6,5,4,4,5,4,3,2,4,3,6,2,1,2,1,5,5,2,2,2,2,5,4,1,2,1,Male,22,2.5,1
1,1,0,1,1,1,1,0,1,1,5,5,5,6,4,2,3,5,2,3,3,1,2,1,5,5,5,5,5,6,5,5,6,6,4,5,6,6,5,6,5,3,4,3,4,5,5,5,5,5,3,5,1,2,1,1,1,1,1,1,1,1,6,5,1,1,1,Male,22,8.5,2.090909091
1,1,0,0,1,1,1,0,1,1,5,6,5,6,2,5,5,5,4,2,1,3,2,2,3,5,3,2,2,2,4,5,4,3,4,4,3,6,5,4,5,4,6,5,5,5,5,5,6,4,4,5,4,2,3,3,4,4,3,3,3,3,4,4,3,3,3,Male,18,1,1.181818182
1,1,0,1,1,1,1,0,1,1,6,5,5,6,6,6,5,5,5,1,4,4,2,4,5,4,5,5,5,5,5,4,4.745484401,3,3,6,4,5,4,4,4,6,6,2,6,5,5,5,6,1,1,5,2,5,1,2,6,5,2,5,2,2,6,5,1,2,2,Female,19,5.5,1
1,1,0,1,1,1,1,0,1,1,6,4,6,6,6,5,6,4,5,1,4,3,2,5,2,3,4,4,2,2,3,4,4,3,4,4,3,4,4,4,5,6,6,1,6,6,6,5,6,5,3,6,1,1,1,1,4,2,1,3,1,3,5,4,1,2,2,Female,19,6,1
0,1,0,1,1,1,1,0,1,0,5,4,6,5,4,4,5,4,3,3,3,4,3,4,5,5,5,5,5,3,5,4,4,4,4,4,4,5,5,4,4,5,5,1,5,4,5,5,4,1,1,6,1,1,1,1,5,5,1,3,1,1,5,5,1,1,1,Female,22,1.5,1.090909091
0,0,1,0,0,0,0,1,0,0,3,2,3,3,4,4,4,4,4,3,3,4,2,4,3,4,4,4,4,2,4,5,3,4,3,3,4,4,4,4,4,4,3,4,4,5,4,3,3,2,4,5,3,2,2,2,5,4,2,2,2,3,3,5,2,2,2,Female,23,3.5,1.545454545
1,1,0,1,1,1,1,0,1,1,4,3,5,4,5,5,4,5,4,1,1,3,2,2,5,5,4,4,5,5,4,5,5,4,4,4,4,4,4,4,4,5,5,4,4,5,4,4.406199021,4,4,2,4,3,2,2,3,5,4,3,4,2,5,5,5,3,2,2,Female,22,4.5,1
1,1,0,1,1,1,1,0,1,1,2,2,5,3,1,5,1,5,4,2,3,3,3,4,2,4,4,4,4,5,5,4,5,4,1,4,2,5,5,1,2,5,3,4,5,6,5,6,4,1,1,5,1,1,2,3,5,5,1,1,1,3,4,4,2,2,1,Female,21,2.5,1
1,1,0,1,1,1,1,0,1,1,5,4,4,5,6,5,5,5,6,2,2,4,4,5,5,5,5,5,5,5,5,5,5,5,4,4,4,5,5,5,4,6,5,1,5,6,6,5,4,1,3,5,1,2,2,2,5,5,2,2,2,3,5,5,2,2,2,Female,21,5,1
1,1,0,1,1,1,1,0,1,1,5,4,3,4,4,5,5,4,4,3,4,4,3,4,4,5,5,5,5,5,5,3,4,4,3,4,3,3,4,3,4,6,5,1,6,5,5,6,5,1,2,5,4,2,2,2,5,5,2,6,2,3,5,5,2,1,2,Female,21,4.5,1
1,1,0,1,1,1,1,0,1,1,3,3,3,4,5,5,5,4,5,3,3,4,3,3,4,5,5,5,5,5,5,3,5,4,3,4,3,5,3,4,3,6,5,3,5,5,5,6,5,1,2,5,1,3,2,2,5,5,2,2,2,4,5,5,2,2,2,Female,20,3,1
1,1,0,1,1,1,1,0,1,1,5,3,5,5,3,4,3,4,6,5,6,5,5,5,4,5,5,5,5,5,5,5,5,5,3,5,5,5,5,5,4,5,5,1,6,5,6,5,5,1,2,5,2,3,2,3,5,5,2,2,1,2,5,5,2,1,1,Female,26,3.5,1
1,0,1,1,0,1,0,1,1,0,3,1,3,2,3,2,3,5,3,1,2,2,1,3,4,4,3,2,4,4,3,4,4,3,3,4,4,5,4,4,3,5,3,2,3,5,5,4,4,5,1,2,5,3,4,4,4,3,4,5,4,4,2,3,4,4,4,Male,28,2,1.909090909
1,1,0,1,1,1,1,0,1,1,4,5,4,5,3,5,1,5,4,3,4,4,3,5,5,4,5,4,5,5,5,5,5,2,4,4,5,5,4,5,5,5,5,4,4,4,6,5,5,2,1,4,5,1,2,2,4,2,1,4,2,2,5,4,1,1,2,Female,21,3.5,1
1,1,0,1,1,1,1,0,1,1,3,5,5,5,5,5,4,5,4,4,5,4,5,6,4,4,4,4,4,4,4,4,5,4,3,3,4,4,4,4,4,5,4,5,4,5,6,5,5,2,2,4,2,5,3,2,5,5,2,1,2,4,5,5,3,2,2,Female,20,2,1
1,0,1,1,0,1,0,1,1,0,3,1,3,2,3,3,3,5,3,1,2,2,1,3,4,4,4,3,4,4,3,4,4,3,4,4,4,5,4,4,3,5,3,2,3,5,5,4,4,6,1,2,5,4,1.863192182,4,4,3,4,5,4,4,2,3,4,4,4,Male,23,4,2
1,1,0,1,1,1,1,0,1,1,4.876221498,4,4,4,5,5,5,4,4,3,3,4,3,2,5,5,5,5,5,5,5,5,5,5,3,4,3,5,4,4,3,5,4,4,5,6,5,5,4,2,1,6,1,1,1,1,5,5,1,2,1,2,5,5,1,1,1,Female,20,3.5,1
1,1,0,1,1,1,1,0,1,1,6,6,6,5,5,5,3,6,5,3,3,2,4,2,6,5,6,5,6,5,6,5,6,5,5,5,6,5,5,5,6,6,5,2,6,5,6,5,5,2,1,6,2,1,1,1,6,6,1,4,1,2,5,5,1,2,1,Female,20,2,1
1,1,0,1,1,1,1,0,1,1,5,6,6,4,5,6,5,6,4,1,4,5,3,5,5,5,5,5,5,3,5,4,4,2,1,1,2,6,3,3,2,5,5,3,5,5,5,4,5,4,2,6,2,1,1,1,3,5,2,3,1,1,6,4,1,1,1,Female,20,6.5,1
1,1,0,1,1,1,1,0,1,1,5,4,5,5,6,6,6,6,2,1,1,2,1,1,3,4,4,4,4,4,4,3,4,5,2,4,2,4,2,3,3,5,5,2,5,6,5,5,3,2,4,4,2,2,2,2,4,4,3,3,3,2,6,5,2,2,3,Female,21,4,1
1,1,0,1,1,1,1,0,1,1,6,3,5,4,4,2,3,5,5,2,3,4,2,4,4,5,5,4,4,4,3,5,5,5,3,4,5,6,5,4,3,5,5,2,5,5,6,3,4,6,3,4,1,5,2,3,5,3,2,2,2,3,5,4,2,2,2,Male,20,3,1.363636364
1,1,0,0,0,0,0,1,0,0,5,2,5,2,4,5,4,4,4,1,1,4,5,1,1,5,5,4,5,5,5,4,5,3,3,5,4,5,4,4,5,5,5,6,4,4,4,3,4,1,3,5,1,1,1,1,5,6,1,1,1,1,5,5,1,1,1,Male,22.63,6,1.454545455
1,1,0,1,1,1,1,0,1,1,4,2,4,5,2,1,4,3,5,1,2,2,3,3,3,3,3,3,3,3,5,5,5,5,5,5,6,6,6,6,5,6,6,6,5,5,6,6,6,1,1,5,4,6,4,4,5,3,4,4,4,1,6,5,1,1,1,Female,21,6,1
1,1,0,1,1,1,1,0,1,1,6,4,5,5,3,3,4,4,4,4,4,4,4,3,6,5,5,5,5,5,5,5,6,4,5,5,4,5,5,5,4,5,5,3,5,5,5,5,5,1,2,5,2,1,1,1,5,5,1,1,1,1,6,6,1,1,1,Male,20,3,1
1,1,0,1,1,1,1,0,1,1,6,5,6,5,4,4,5,4,5,1,2,2,3,2,5,4,5,5,5,5,5,5,5,5,3,4,4,5,5,5,4,6,6,6,5,5,5,6,3,6,2,6,1,2,1,1,5,6,1,1,1,1,6,5,1,1,1,Male,21,3,1.181818182
1,1,0,1,1,1,1,0,1,1,4,4,4,4,3,4,4,5,4,1,3,5,2,4,3,3,4,4,3,4,4,5,5,4,3,3,4,4,5,4,5,4,4,4,3,5,4,5,2,4,3,5,2,3,2,3,4,2,3,2,2,2,4,3,2,2,2,Male,20,3,1.727272727
1,1,0,1,1,1,1,0,1,1,4,4,5,3,4,5,3,4,3,1,2,3,3,3,4,4,5,4,5,5,5,5,5,3,4,5,5,5,5,5,5,5,3,3,5,5,4,3,4,1,2,4,2,3,2,2,5,5,2,3,2,1,5,5,2,2,2,Male,20,10,1.363636364
1,1,0,1,1,1,1,0,1,1,4,5,5,4,2,3,3,4,4,1,1,2,5,6,4,6,4,3,5,5,3,6,6,3,3,4,3,4,3,4,3,4,5,5,4,5,6,6,4,5,4,5,1,1,1,1,6,3,1,4,1,1,5,5,1,1,1,Female,22,5,1.272727273
1,1,0,1,1,1,1,0,1,1,4,5,4,1,4,5,2,5,4,5,5,4,5,4,3,5,2,3,5,5,5,5,4,3,5,5,5,5,5,5,2,5,5,3,4,5,3,4,4,2,4,5,2,3,4,2,4,3,4,2,2,3,4,2,2,3,5,Male,34,1.5,1.181818182
1,1,0,1,1,1,1,0,1,1,4,4,4,4,3,4,5,4,3,1,2,3,1,4,5,4,4,4,4,2,4,4,5,4,3,4,3,5,4,4,4,6,5,6,4,5,3,3,5,2,2,5,2,4,1,1,6,5,1,6,2,1,5,4,1,2,1,Female,18,2.5,1.454545455
1,1,0,1,1,1,1,0,1,1,5,4,4,1,4,5,2,4,2,5,5,5,5,6,6,6,2,4,2,5,4,5,4,2,5,5,5,2,4,3,2,4,5,3,3,4,4,4,2,5,5,6,6,6,5,5,5,2,2,2,1,6,1,1,6,5,5,Female,23,3,1
1,1,0,1,1,1,1,0,1,1,6,5,6,5,6,5,6,6,5,3,4,5,3,5,5,5,5,5,5,5,5,5,5,4,3,4,4,4,5,5,5,5,5,1,5,5,5,5,3,1,2,5,2,1,1,1,6,5,1,2,1,1,5,5,1,1,1,Female,25,0.5,1
1,1,0,1,1,1,1,0,1,1,4,4,5,3,4,5,5,5,4,2,2,4,3,4,4,3,5,4,4,5,5,4,5,4,4,5,3,5,4,4,4,6,5,4,5,5,5,5,4,2,2,5,2,2,2,2,5,5,2,2,2,2,5,5,2,2,2,Female,21,3.5,1.090909091
1,1,0,1,1,1,1,0,1,1,6,5,5,5,4,4,5,6,3,2,3,3,4,5,4,4,3,3,3,4,4,5,6,4,5,5,5,5,5,5,5,6,5,2,6,6,5,5,6,2,2,5,3,5,4,4,2,3,5,2,3,3,4,5,3,3,3,Female,22,2.5,1
1,0,0,0,1,0,1,1,1,0,4,3,4,3,6,5,4,5,5,2,1,2,3,2,5,5,5,4,5,2,5,4,5,3,4,5,4,5,5,4,5,6,5,4,6,5,5,5,5,4,1,5,1,1,1,1,5,4,2,1,1,2,5,5,1,1,1,Female,20,1,1
1,1,0,0,0,1,1,1,0,0,6,3,6,5,3,4,5,4,3,1,3,3,3,4,4,5,5,5,5,5,5,5,4,4,4,5,4,5,5,5,5,6,6,1,5,5,6,6,5,1,2,6,1,1,2,1,5,5,2,1,1,2,5,5,2,1,2,Female,21,3.5,1
0,0,0,1,0,1,1,1,0,0,6,4,5,5,5,5,5,5,4,2,1,2,2,1,4,5,4,4,5,1,5,5,5,5,3,4,5,5,5,4,5,5,5,2,5,6,5,6,3,1,3,5,1,1,1,1,5,5,1,4,2,2,6,5,1,1,1,Female,24,4,1
0,0,1,0,0,0,0,1,0,0,6,5,5,4,5,5,6,6,5,2,3,5,4,2,6,5,6,5,6,6,6,4,4,4,2,5,6,6,3,5,3,6,6,6,5,5,6,6,4,1,1,5,1,4,2,2,6,5,2,3,1,1,6,5,1,1,2,Female,22,4,1
1,1,0,1,1,1,1,0,1,1,4,5,5,5,4,6,6,6,5,2,2,4,3,3,5,4,5,5,5,5,4,5,4,4,4,4,4,5,5,4,5,4,3,4,5,6,5,6,4,6,3,5,3,4,2,1,5,5,2,5,1,2,5,5,2,1,1,Female,23,4,1
1,1,0,1,1,1,1,0,1,1,4,3,5,3,6,5,5,4,5,4,5,3,5,4,6,4,5,5,5,5,6,6,5,5,5,6,6,6,6,6,6,5,4,4,5,6,4,5,5,6,3,6,4,4,2,1,6,5,1,4,1,1,5,5,1,2,1,Female,22,3,1.090909091
1,1,0,1,1,1,1,0,1,1,6,6,6,5,5,5,6,5,5,4,5,5,4,2,5,5,5,5,6,6,6,4,5,5,4,5,5,5,5,5,5,6,5,2,6,6,6,5,5,1,4,5,2,1,1,1,6,6,1,1,1,2,6,5,1,1,1,Female,21,8,1.545454545
1,1,0,1,1,1,1,0,1,1,6,4,5,6,5,5,5,5,4,5,5,5,3,5,3,4,3,4,5,4,5,3,5,4,3,3,4,4,4,4,5,6,4,2,5,6,5,5,5,2,2,5,3,2,2,1,4,5,2,2,2,4,4,5,4,4,4,Female,21,5,1.545454545
0,1,0,1,1,1,1,0,1,1,5,4,5,4,4,4,4,4,4,2,2,3,3,3,4,5,5,4,5,5,5,4,5,4,3,3,4,4,4,4,5,5,5,2,5,4,4,4,4,1,3,4,1,3,3,2,4,4,2,1,2,3,5,4,3,3,3,Female,20,1.5,1
0,1,0,1,1,1,1,0,1,1,5,4,5,4,4,5,4,5,5,1,2,3,2,5,5,4,5,4,5,5,5,4,4,4,4,4,4,5,4,4,4,6,4,1,5,6,4,2,6,4,1,6,1,2,1,1,5,4,1,1,1,1,5,4,1,1,1,Female,20,3.948533773,1.090909091
1,1,0,1,1,1,1,0,1,1,6,4,6,5,6,5,5,5,3,2,2,2,3,4,3,4,5,4,4,4,4,4,5,4,4,4,5,5,5,5,5,6,5,1,5,4,6,5,5,4,1,5,4,1,1,1,5,4,2,5,2,3,4,4,2,2,2,Male,25,5,1.090909091
1,1,1,0,1,1,1,1,0,1,5,4,5,4,5,4,2,4,4,1,2,1,2,1,5,6,6,5,5,5,5,6,5,5,5,5,5,5,5,5,5,5,5,6,4,5,5,5,4,6,2,6,1,4,1,1,5,5,1,2,1,1,6,5,1,1,1,Female,24,1.5,1
1,1,0,1,1,1,1,0,1,1,5,5,5,5,5,4,5,4,4,3,2,2,2,3,5,5,5,5,5,5,5,4,5,4,3,4,3,5,4,5,3,4,5,4,5,5,5,5,5,4,2,6,1,2,1,1,5,5,1,1,1,2,5,5,1,1,1,Female,21,2,1.090909091
1,1,0,1,1,1,1,0,1,1,5,5,6,5,3,5,5,5,4,2,3,3,2,2,5,4,6,5,5,5,5,5,4.745484401,5,4,4,5,5,5,5,5,5,5,4,5,5,5,5,5,4,4,5,2,1,1,1,5,6,1,1,1,1,6,6,1,1,1,Male,20,2,1
1,1,0,1,1,1,1,0,1,1,5,4,5,4,4,5,5,5,3,2,4,4,2,4,6,4,4,5,4,4,4,5,4,3,2,5,3,5,4,5,4,5,5,2,5,5,5,5,4,1,2,5,1,3,1,1,5,5,1,2,1,1,5,5,2,2,2,Male,21,5.5,1
1,1,0,1,1,1,1,0,1,1,4,3,4,3,2,4,4,2,4,1,3,3,3,3,4,4,4,4,4,4,4,5,5,5,3,5,5,5,5,4,5,4,5,3,4,4,4,3,3,5,4,6,2,2,1,1,5,5,2,4,1,2,5,4,2,1,1,Female,27,6.5,1
1,1,0,1,1,1,1,0,1,1,4,4,4,3,5,4,3,4,4,2,2,2,2,3,5,4,4,5,4,4,4,5,5,5,3,4,4,3,3,4,3,4,3,5,4,5,3,5,2,5,4,5,2,2,2,2,5,4,2,3,2,3,5,3,3,3,4,Male,22.63,5.5,1.181818182
1,1,0,1,1,1,1,0,1,1,5,4,5,5,6,6,5,6,3,1,2,2,2,1,4,4,4,3,4,3,4,5,5,4,3,4,3,5,4,4,4,6,4,2,5,5,5,5,4,1,1,5,3,2,2,2,5,5,2,2,2,2,5,5,2,2,2,Female,22,1.5,1
0,0,1,0,0,0,0,1,0,0,5,5,5,5,4,6,5,6,5,1,3,2,4,6,5,4,5,4,5,4,4,4,4,4,2,4,3,6,5,5,6,6,4,6,4,5,6,6,5,4,2,4,3,6,3,3,4,5,3,5,3,4,5,4,3,3,3,Female,21,4,1
1,1,0,1,1,1,1,0,1,1,5,5,5,5,4,5,4,4,5,3,3,2,2,3.233278956,4,4,4,4,4,5,5,4,4,3,2,3,3,4,3,3,3,4,4,4,4,2,5,4,4,4,4,5,2,3,1,1,5,5,2,3,2,2,5,4,2,2,2,Female,18,2.5,1.090909091
1,1,0,1,1,1,1,0,1,1,5,2,5,4,5,5,5,6,3,1,1,5,1,3,2,4,4,5,4,4,5,3,5,4,3,5,4,5,4,3,4,5,5,2,5,5,6,5,3,1,3,5,2,2,3,2,3,4,3,2,2,2,5,4,2,2,2,Female,21,2,1
1,1,0,1,1,1,1,0,1,1,6,4,5,4,4,4,4,4,1,1,1,3,1,5,3,5,4,5,4,5,4,5,6,3,4,5,5,5,3,5,4,5,5,4,5,5,4,5,4,1,1,4,5,5,4,4,3,4,3,1,3,4,5,4,4,3,1,Male,33,5,1
1,1,0,1,1,1,1,0,1,1,4,4,4,5,5,6,4,5,4,3,4,4,4,4,4,4,5,5,5,5,4,4,4,4,3,4,4,6,4,4,4.36970684,6,4,2,5,4,5,6,4,5,3,5,3,1,1,1,5,5,2,4,1,2,5,5,1,2,1,Female,23,7,1.272727273
0,1,1,1,1,1,1,0,1,1,5,5,5,5,3,4,4,5,5,5,5,3,4,4,4,5,5,5,5,5,5,5,5,5,5,5,5,5,5,5,5,6,5,4,5,5,5,5,5,3,2,5,3,2,2,2,5,5,2,3,2,4,4,4,2,2,2,Male,35,6,1
1,1,0,1,1,1,1,0,1,1,5,5,5,4,5,4,4,4,5,4,5,5,4,4,5,6,5,4.441707718,5,5,5,6,5,5,5,5,5,5,5,5,5,5,5,2,5,5,5,5,5,2,1,6,1,1,1,1,6,6,1,1,1,2,6,6,1,1,1,Female,28,2.5,1
1,1,0,1,1,1,1,0,1,1,6,4,6,5,2,6,4,5,1,1,2,1,1,3,4,5,4,4,4,1,4,6,5,4,4,4,4,6,6,4,5,4,4,4,3,4,2,2,3,6,5,5,3,4,2,2,5,4,2,3,1,2,5,4,1,1,1,Female,26,3,1
0,0,0,0,1,0,1,0,0,1,3,3,4,4,4,5,3,4,3,2,2,2,2,2,4,1,4,4,4,3,4,5,4.745484401,2,4,4,4,4,3,4,3,6,3,4,4,3,5,2,5,4,5,5,1,2,1,1,6,4,1,3,1,3,4,3,2,1,1,Male,30,12.5,1.090909091
1,1,0,0,0,1,0,1,1,1,5,5,6,5,4,5,5,5,5,6,4,4,5,5,5,6,6,6,6,6,6,6,6,6,5,5,6,6,6,6,6,6,6,1,5,5,5,5,6,1,2,6,1,1,2,1,6,5,1,2,1,1,6,5,1,1,1,Male,22,3.5,1
1,1,0,1,1,1,1,0,1,1,4,4,4,4,4,5,5,5,4,2,2,3,2,3,3,5,4,4,4,4,4,3,5,2,5,5,2,4,4,4,4,4,4,4,5,6,5,5,5,4,4,5,2,1,1,1,5,5,1,5,1,2,5,5,1,1,1,Female,24,6,1.181818182
1,1,0,1,1,1,1,0,1,1,5,4,5,3,5,2,4,3,2,2,3,3,5,2,5,5,6,5,6,5,6,6,5,5,4,5,5,5,5,5,5,5,5,5,5,5,5,6,6,6,5,6,3,1,1,1,5,6,2,4,1,1,5,4,1,2,1,Male,25,4.5,1.181818182
1,1,0,1,1,1,1,0,1,1,5,5,4,4,4,4,4,4,4,2,2,4,4,5,3,3,4,4,5,5,5,5,4,2,2,2,3,4,3,3,3,4,5,1,5,4,6,4,5,1,3,4,1,1,2,2,5,6,1,1,2,3,4,5,1,1,1,Female,23,2.5,1.909090909
1,1,0,1,1,1,1,0,1,1,6,6,5,6,6,6,5,4,5,1,1,2,5,4,5,4,4,5,5,5,5,4,5,4,3,3,4,5,3,3,3,4,6,1,6,6,6,5,4,6,1,4,1,1,1,2,6,5,1,1,1,3,5,2,2,2,1,Male,23,3,1.727272727
1,1,0,1,1,1,1,0,1,1,2,3,4,5,3,2,4,5,5,4,5,5,5,3,6,5,5,5,5,5,6,6,6,4,4,5,4,5,5,5,4,5,2,4,5,4,5,6,4,1,4,5,2,2,2,2,5,5,2,2,2,2,5,5,2,2,2,Male,23,1.5,1.272727273
1,1,0,1,1,1,1,0,1,1,5,4,5,4,6,5,5,4,3,2,3,3,3,3,5,4,4,4,4,4,5,4,4,3,3,4,3,4,4,4,5,5,4,2,4,5,4,4,3,5,1,5,2,2,2,2,5,5,2,2,2,5,2,3,5,4,5,Female,21,3.5,1.181818182
1,1,0,1,1,1,1,0,1,1,5,3,4,4,4,4,4,4,4,1,1,2,2,2,5,4.323432343,4,4,4,2,5,5,5,5,5,5,5,5,5,5,4,5,3,4,4,4,5,5,3,5,2,5,3,1,1,1,5,6,1,4,1,2,5,5,1,1,1,Female,39,2,1
1,1,1,1,1,0,0,0,1,1,3,6,5,4,5,5,4,5,6,6,6,6,2,3,6,6,6,5,5,3,5,6,5,6,6,6,6,5,5,5,6,6,6,2,6,6,6,6,5,1,4,6,6,2,1,4,5,5,2,4,4,1,6,5,4,4,4,Male,20,3.5,1
1,1,0,1,1,1,1,0,1,1,4,3,5,4,5,5,4,4,1,2,2,5,2,5,5,4,5,4,5,3,5,5,4,5,4,4,3,4,4,4,4,4,5,1,5,5,5,6,5,1,2,5,1,2,2,2,5,5,1,2,2,1,5,4,2,1,1,Female,22,1.5,1
1,1,0,1,1,1,1,0,1,1,6,5,5,5,6,6,5,5,3,2,3,5,2,3,4,4,5,4,5,5,5,5,5,5,4,5,5,6,5,5,4,6,6,2,6,6,6,5,6,1,2,5,1,2,1,1,5,5,1,3,1,1,5,5,1,1,1,Female,22,4.5,1
1,1,0,1,1,1,1,0,1,1,3,4,5,4,5,5,4,6,6,2,4,3,2,4,5,5,5,5,5,5,5,5,5,5,5,5,4,5,5,5,5,6,6,2,5,5,5,2,4,1,2,5,2,1,1,1,5,5,1,2,1,1,5,5,1,1,1,Female,24,3,1.181818182
1,1,0,1,1,1,1,0,1,1,5,3,4,3,5,5,5,3,4,3,3,4,3,4,4,4,4,4,5,5,4,4,4,5,3,4,4,4,4,4,3,5,5,4,5,5,5,6,4,3,3,5,1,2,3,3,4,4,3,3,3,2,5,4,3,3,3,Female,22,1.5,1
1,1,0,1,1,1,1,0,1,1,5,5,5,4,5,6,4,5,5,4,5,4,4,5,5,4,5,5,5,5,5,3,4,3,2,4,1,5,5,4,5,6,5,1,6,6,6,5,5,1,1,5,1,1,2,2,5,5,2,2,2,2,5,5,3,2,2,Female,22,3,1.181818182
0,0,1,0,0,0,0,1,0,0,4,4,5,4,4,4,5,5,4,1,1,2,3,2,5,1,5,5,5,4,4,4,5,4,1,3,3,5,4,3,3,5,3,2,4,5,4,3,4,3,3,5,2,2,2,3,5,5,2,4,2,2,5,5,3,2,2,Female,22,2.5,1
1,1,0,1,1,1,1,0,1,1,5,4,5,4,5,5,5,4,1,1,1,2,2,2,1,4,4,4,4,4,4,5,5,4,3,4,4,6,4,4,4,5,4,3,3,5,4,3,3,4,3,4,3,2,2,2,5,5,2,2,2,3,4,3,2,2,2,Female,22,2,1.090909091
1,1,0,1,1,1,1,0,1,1,4,4,5,5,5,3,4,4,5,3,3,4,4,3,4,4,5,5,5,3,5,6,6,5,5,5,6,5,6,5,4,5,5,4,5,4,5,3,4,5,2,5,3,2,2,2,6,5,1,3,5,1,5,5,1,1,1,Male,20,3.948533773,1
1,1,0,1,1,1,1,0,1,1,4,4,4,4,5,6,5,5,3,3,3,4,3,3,4,4,4,4,5,4,4,4,4,4,3,4,2,4,4,3,3,5,3,2,4,4,5,4,4,1,2,4,3,3,3,3,5,4,3,2,3,4,4,4,3,2,3,Female,20,2,1
1,1,0,1,1,1,1,0,1,1,5,4,4,4,2,3,3,2,2,4,3,3,2,1,4,6,4,5,5,4,5,5,5,5,5,5,5,5,5,5,5,5,2,6,5,5,4,6,5,6,5,4,1,2,2,2,4,5,2,5,2,3,3,3,2,2,2,Male,25,3,1
1,1,0,1,1,1,1,0,1,1,4,4,4,4,5,5,5,4,3,2,2,3,2,3,4,5,5,5,5,5,5,5,5,5,4,5,4,5,4,5,5,3,5,4,5,5,5,6,3,3,3,5,2,4,2,1,5,5,1,1,1,1,5,5,1,1,1,Female,20,5,1.181818182
1,1,0,1,1,1,1,0,1,1,4,6,5,5,4,5,4,4,5,2,4,3,2,3,5,4,4,4,4,5,3,5,6,4,3,4,3,4,5,4,5,6,5,5,5,4,5,4,5,2,3,3,2,6,3,4,5,2,4,2,4,2,5,4,2,3,3,Female,20,3.5,1.727272727
1,1,0,1,1,1,1,0,1,1,5,4,4,4,4,5,5,5,5,1,2,1,1,1,5,5,4,4,5,5,5,5,5,5,4,4,4,5,4,4,3,6,5,1,4,5,5,6,4,1,1,5,3,2,1,1.793159609,5,5,1,3,1,1,5,5,1,1,1,Female,23,2,1
1,1,0,1,1,1,1,0,1,1,6,5,6,4,5,5,6,5,2,2,2,3,3,1,5,5,6,5,6,6,5,5,5,5,5,5,5,5,5,5,5,6,5,1,5,5,6,5,6,6,3,6,2,1,1,1,6,6,1,1,1,2,6,5,1,1,1,Male,23,3,1
1,1,0,1,1,1,1,0,1,1,5,4,5,4,3,6,5,5,1,1,1,1,1,1,6,1,5,1,5,5,5,4,4,3,1,3,2,4.835504886,1,4,2,5,5,2,4,4,5,5,1,2,1,5,1,3,1,1,4,5,1,2,1,1,6,6,1,1,1,Female,22,3.948533773,1
1,1,0,0,0,1,0,0,1,1,3,5,4,4,4,2,3,5,3,2,3,3,1,4,3,4,4,4,5,4,4,5,5,3,2,2,3,6,4,4,4,4,3,6,4,5,5,4,2,1,4,5,1,1,1,1,6,6,1,1,1,2,5,5,1,2,2,Male,23,5.5,1
1,1,1,1,1,1,1,1,1,1,4,5,5,4,6,3,4,4,5,3,2,5,2,5,4,5,5,5,5,5,5,5,6,5,4,5,4,6,5,4,5,5,5,5,4,4,4,3,4,5,3,5,1,1,1,1,5,5,1,1,1,1,5,5,1,1,1,Female,22,5,1
1,1,0,1,1,1,1,0,1,1,6,4,4,4,6,6,4,5,4,3,4,4,3,4,4,4,4,4,4,4,4,6,4,3,4,5,4,4,5,5,4,5,4,2,4,5,5,5,4,2,2,5,4,3,4,3,4,4,3,4,3,5,4,4,4,3,3,Female,22.63,5,1.090909091
0,0,1,0,0,0,0,1,0,0,5,3,5,4,5,2,2,4,4,3,4,4,3,3,5,5,6,6,6,6,6,5,5,5,4,5,5,5,5,5,5,5,4,6,4,5,5,3,3,2,4,5,1,1,1,1,5,6,1,2,1,2,5,5,1,1,1,Male,22,1.5,1
1,1,0,1,1,1,1,0,1,1,3,3,4,4,5,6,5,4,2,1,4,2,2,2,4.410130719,4,5,5,4,4,4,4,4,4,2,3,3,6,3,3,3,6,5,1,4,5,5,6,5,1,2,5,2,3,2,2,5,6,2,2,2,3,5,5,2,2,2,Female,21,2.5,1
1,1,0,0,1,1,1,1,1,0,6,5,6,4,5,5,6,4,4,2,2,5,2,1,6,5,5,5,5,5,5,4,6,5,3,5,5,6,4,4,5,5,5,5,4,5,5,5,4,6,2,5,1,4,1,2,5,5,1,1,1,2,5,5,1,1,1,Male,21,3,1
1,1,0,1,1,1,1,0,1,1,6,5,6,6,4,2,5,6,2,1,1,3,6,1,6,5,5,5,5,5,5,5,5,5,5,5,5,5,5,5,5,5,5,1,5,5,6,6,5,1,1,5,2,2,1,1,5,5,2,2,2,2,5,2,2,2,2,Male,20,3,1
1,1,0,1,1,1,1,0,1,1,5,4,5,4,4,3,5,4,3,1,1,3,2,2,4,5,4,4,5,2,5,5,5,4,5,5,4,4,5,5,5,6,6,1,5,5,6,6,5,1,2,6,2,1,1,1,5,6,1,1,1,2,5,5,1,1,1,Female,20,2,1.090909091
1,1,0,1,1,1,1,1,1,1,5,2,5,3,3,2,3,5,4,3,3,5,3,3,6,5,4,4,4,4,4,4,4,4,4,4,4,4,4,4,4,5,5,3,4,5,5,5,2,2,4,5,2,1,1,1,5,5,1,2,1,2,5,4,1,1,1,Male,21,3,1.181818182
1,1,0,1,1,1,0,1,1,1,5,4,5,4,4,4,5,5,4,2,2,3,3,2,4,3,5,3,4,4,4,5,5,4,4,4,4,5,5,4,4,5,4,4,5,5,4,5,4,4,2,5,1,2,1,1,5,5,1,3,2,1,5,4,2,2,2,Female,21,2,1
1,1,0,1,1,1,1,0,1,1,6,5,6,5,5,4,6,6,2,2,3,2,1,2,4,3,4,3,4,3,4,4,5,4,3,5,4,4,4,4,5,4,6,2,3,5,4,3,4,4,2,6,3,4,1,2,5,5,2,2,1,5,3,3,5,5,5,Male,25,2,1
1,1,0,1,1,1,1,0,1,1,6,5,6,5,4,3,5,5,5,3,4,3,3,1,5,4,5,3,5,5,5,5,5,5,3,5,5,5,5,5,5,5,5,2,5,5,5,5,5,5,2,5,2,4,2,2,5,5,2,2,2,2,5,5,2,2,2,Male,25,1,1
1,1,1,1,1,1,1,1,1,0,6,3,5,5,6,6,6,6,3,3,4,5,4,6,4,5,4,4,5,5,5,5,5,4,4,3,4,5,5,4,4,6,6,2,5,6,5,6,5,5,1,3,3,3,4,3,5,5,2,2,2,3,5,5,2,2,2,Female,22,1.5,1
1,1,0,1,1,1,1,0,1,1,6,5,5,5,5,5,4,5,4,3,3,3,4,3,5,4,4,4,4,3,4,5,5,4,4,5,5,5,5,5,4,5,5,2,5,4,5,3,5,5,3,5,2,2,2,2,5,5,2,2,2,2,5,4,2,2,2,Male,31,4,1
1,1,0,1,1,1,1,0,1,1,5,1,4,2,3,3,4,2,2,1,2,2,2,2,2,4,4,4,4,5,5,5,4,3,5,4,3,4,5,5,3,5,2,6,5,5,5,3,4,2,6,3,2,5,2,2,5,5,2,2,2,2,6,4,2,2,2,Male,22,5,1.181818182
1,1,0,1,1,1,1,0,1,1,4,4,3,3,5,6,5,5,5,1,2,2,2,3,5,4,4,4,4,4,4,5,4,4,2,3,4,4,4,4,3,5,3,1,5,6,5,5,2,3,2,4,3,2,2,2,4,4,2,3,2,2,4,4,2,2,2,Female,22,3,1
1,1,0,1,1,1,1,0,1,1,6,5,5,5,5,5,4,2,5,2,3,6,1,6,2,5,5,5,5,5,5,5,5,5,3,4,5,5,5,3,5,6,6,6,6,5,3,3,2,5,5,6,2,4,1,1,5,5,1,2,2,3,5,5,2,1,1,Male,25,2,1.090909091
1,1,0,1,1,1,1,0,1,1,5,5,5,5,4,6,3,4,5,2,3,2,3,3,4,5,5,4,5,6,6,3,5,5,4,5,4,4,4,4,4,5,6,1,5,6,5,6,5,6,1,6,1,1,1,1,6,6,1,4,1,1,6,5,1,1,1,Female,22,3.5,1.090909091
1,1,0,1,1,1,1,0,1,1,5,5,5,5,6,6,5,5,4,4,5,4,3,6,4,5,5,5,5,5,5,4,4,2,4,4,4,5,4,4,4,6,4,4,5,5,5,4,6,4,1,5,4,2,2,1,5,6,1,4,1,2,5,5,1,1,1,Female,23,2,1
1,1,0,1,1,1,1,0,1,1,6,4,6,4,5,5,6,5,3,1,3,4,3,1,5,4,4,5,5,5,4,5,6,4,5,5,3,6,5,3,6,6,5,6,2,6,5,6,4,6,1,5,4,4,2,2,5,5,2,2,2,2,6,5,1,1,1,Male,22,2,1.090909091
1,1,0,1,1,1,1,0,1,1,5,5,6,4,2,1,3,5,4,3,5,4,4,5,6,6,6,6,6,6,6,6,6,6,5,6,5,6,5,6,6,5,5,5,5,6,5,5,5,5,2,6,1,1,1,1,6,6,1,2,1,1,6,6,1,1,1,Male,24,6,1.090909091
1,1,0,1,1,1,1,0,1,1,5,5,6,6,5,6,5,3,4,2,2,4,3,3,5,4,5,5,5,5,5,5,5,4,2,4,3,2,4,4,4,5,5,2,5,5,5,3,5,1,1,6,2,1,1,1,4,6,1,3,1,1,5,6,1,1,1,Female,21,2.5,1
1,1,0,1,1,1,1,0,1,1,6,6,6,6,5,6,5,5,5,3,4,3,3,3,3,2,3,3,3,3,4,5,5,2,4,5,5,5,5,4,4,6,6,2,5,5,5,5,5,2,4,5,1,1,2,2,4,5,2,2,1,1,6,5,2,1,1,Male,24,6,1
0,0,1,0,0,0,0,1,0,0,5,6,5,5,1,5,4,5,6,1,1,4,2,1,6,4,6,4,4,4,6,5,5,6,5,5,5,6,5,5,5,5,6,2,5,5,5,6,5,1,1,6,3,1,1,1,5,6,1,3,1,1,6,6,1,1,1,Female,24,3,1
0,0,1,1,0,0,1,0,1,1,5,5,4,5,5,4,4,4,3,3,2,3,3,3,6,5,6,5,5,5,5,5,6,5,3,4,3,4,4,4,3,5,5,2,5,5,6,6,5,3,3,5,3,4,1,1,5,6,1,4,1,2,6,5,1,1,1,Female,22,4,1
1,1,0,1,1,1,1,0,1,1,5,3,5,3,2,3,3,4,3,2,3,3,3,3,4,5,5,5,5,4,5,5,5,5,4,5,5,5,5,5,5,5,4,5,5,4,5,4,5,2,3,5,2,2,2,2,5,5,2,2,2,2,5,5,2,2,2,Male,21,7.5,1
1,1,0,1,1,1,1,0,1,1,5,5,6,5,4,3,5,6,4,2,5,4,5,5,4,5,4,5,4,2,5,5,5,4,4,5,5,5,4,5,4,5,5,5,5,6,4,5,5,6,5,5,4,4,3,3,5,4,4,3,2,3,5,4,2,3,4,Male,26,7,1.727272727
1,1,1,1,0,1,1,0,1,1,6,6,6,5,6,5,5,3,5,5,5,5,5,2,2,6,5,5,5,5,5,6,5,5,3,3,4,4,4,4,5,6,6,6,5,5,5,5,5,1,1,6,4,1,1,1,6,6,1,2,1,2,5,5,2,2,2,Male,25,4.5,1.090909091
1,1,0,0,0,0,0,1,0,0,5,3,5,3,5,5,5,5,6,1,1,1,1,6,5,4,5,4,6,5,5,5,5,5,4,4,4,6,5,5,5,4,5,6,5,5,5,5,5,6,2,5,1,6,1,1,5,6,1,2,1,2,6,5,1,1,1,Male,24,6.5,1
1,1,0,1,1,1,1,0,1,1,5,3,4,2,4,2,4,2,4,2,3,5,2,1,2,5,4,4,5,5,5,4,3,5,4,4,4,5,4,4,3,6,4,3,4,3,5,6,4,1,4,2,5,4,5,5,4,3,3,5,4,2,5,5,2,3,3,Female,21,1.5,1
1,1,0,1,1,1,1,0,1,1,4,4,4,4,4,5,5,4,4,3,3,4,4,4,4,3,4,4,5,4,4,5,4,4,3,4,3,5,4,4,3,5,5,3,5,5,4,5,3,3,3,5,3,4,4,4,4,4,3,4,3,3,5,4,3,3,3,Female,25,3.5,1.363636364
1,1,0,1,1,1,1,0,1,1,4,3,4,3,5,5,5,4,4,2,3,4,4,3,6,5,5,5,5,3,5,4,5,3,3,4,3,3,4,4,5,5,4,4,5,5,4,5,4,5,3,5,2,2,1,2,5,5,5,3,2,2,5,5,2,2,2,Female,20,2,1.181818182
1,1,0,1,1,1,1,0,1,1,5,4,4,4,5,5,4,5,4,2,2,3,3,3,5,5,4,5,5,5,5,5,5,5,4,4,4,5,5,4,5,5,5,2,3,5,5,4,3,4,2,6,2,1,2,1,6,5,1,4,1,3,5,5,2,2,1,Female,20,1.2,1
1,1,0,1,1,1,1,0,1,1,5,4,4,4,4,4,5,4,4,4,4,4,4,4,4,4,4,4,4,4,4,3,4,4,3,4,4,3,4,3,4,5,4,3,4,4,4,5,3,3,3,4,3,3,3,3,4,4,3,3,3,3,4,4,3,3,3,Female,20,2,1
0,0,1,0,0,0,0,0,0,0,5,5,5,6,5,4,4,5,4,3,3,3,3,3,3,5,5,5,5,3,5,5,5,5,2,4,3,5,5,4,4,6,5,3,6,5,6,6,5,5,4,6,2,4,2,2,5,5,2,2,2,3,5,5,2,2,2,Female,24,3,1.090909091
1,1,0,1,1,1,1,0,1,1,4,4,5,6,5,6,4,5,4,1,1,3.289215686,2,4,4,4,4,4,4,4,4,5,5,3,4,5,4,5,5,4,5,5,4,4,4,5,5,5,5,4,2,5,3,4,2,2,5,5,2,2,2,3,5,5,2,2,2,Female,26,1,1
1,1,0,1,1,1,1,0,1,1,3,3,5,4,5,5,4,6,3,2,2,2,5,1,2,5,5,4,6,6,4,5,5,5,5,5,5,6,5,5,5,4,4,2,3,6,5,5,5,6,1,5,3,1,2,2,6,5,1,4,1,3,5,5,1,1,1,Female,25,2.5,1.090909091
1,1,0,1,1,1,1,0,1,1,5,4,6,4,4,3,3,5,4,1,1,1,2,1,2,4,3,4,3,3,4,4,5,2,4,4,3,5,4,4,4,4,5,4,5,4,5,5,5,5,2,6,1,1,1,1,6,6,1,1,1,2,5,4,1,1,1,Male,23,10,1
1,1,0,1,1,1,1,0,1,1,6,6,6,6,5,6,6,6,5,1,1,1,1,1,5,1,5,1,1,1,1,5,5,5,3,2,4,4,4,4,3,5,5,6,5,5,6,2,4,6,3,5,4,1,1,1,2,4,1,4,1,1,6,5,1,1,1,Female,26,4,1.090909091
1,1,0,1,1,1,1,0,1,1,5,4,4,4,6,6,6,6,3,1,1,1,1,2,3,4,3,5,3,3,5,4,4,4,5,4,3,5,4,4,3,5,5,4,4,6,5,4,2,1,1,5,3,2,2,2,5,5,2,2,2,2,5,5,2,1,2,Female,22,2.5,1
1,1,0,1,1,1,1,0,1,1,5,2,3,4,5,4,4,3,5,2,2,2,2,3,5,3,5,6,5,4,5,5,4,3,1,3,3,4,4,2,4,6,5,2,3,4,5,4,3,2,4,6,2,3,1,1,4,4,1,4,1,2,5,5,1,2,2,Male,23,3,1
1,1,0,1,1,1,1,0,1,1,3,4,4,4,5,5,4,4,2,1,1,2,1,1,3,4,3,4,4,2,3,5,4,4,2,4,2,4,5,4,4,5,5,4,5,5,5,3,3,6,4,5,2,2,3,4,4,3,3,2,3,4,3,4,4,4,4,Female,18,3.5,1
1,1,0,1,1,1,1,0,1,1,5,3,4,3,5,6,4,5,3,1,1,3,3,3,4,4,5,5,5,5,5,4,4,4,3,4,4,5,4,4,4,5,5,4,5,5,5,5,5,4,2,6,2,2,1,1,5,5,1,4,1,2,5,5,2,1,1,Female,21,3.5,1
1,1,0,1,1,1,1,0,1,1,5,6,6,4,2,2,2,4,4,2,2,1,1,1,5,4,4,4,4,1,5,5,4,3,2,5,3,5,4,4,2,6,4,6,5,5,6,4,5,4,1,5,2,2,2,2,4,4,2,2,2,2,5,5,2,2,2,Male,22,4,1.090909091
0,0,1,0,0,0,0,1,0,0,5,5,5,6,5,6,6,6,4,1,2,3,4,2,3,4,4,4,4,4,4,3,5,2,4,5,4,5,5,5,4,5,4,4,4,5,4,6,5,6,3,5,1,2,2,2,5,5,2,1,2,2,6,5,2,2,2,Female,27,3.5,1
1,0,0,1,1,0,1,0,1,0,6,5,2,1,6,4,2,5,4,3,5,3,2,1,5,3,3,3,1,4,1,2,4,5,1,4,5,5,5,5,6,2,2,1,2,3,3,2,2,4,3,3,3,1,2,3,4,3,6,5,3,3,2,2,6,1,3,Male,19,1.5,2.909090909
1,1,0,1,1,1,1,0,1,1,5,4,4,4,4,3,4,5,4,5,4,5,4,4,2,4,5,4,4,4,4,6,4,5,5,4,4,4,4,4,4,6,4,5,4,5,5,3,4,3,3,5,4,5,3,4,3,4,3,4,3,2,5,4,2,3,3,Male,19,4.5,1
1,1,0,1,1,1,1,0,1,1,4,2,4,4,4,6,5,5,4,1,1,4,1,3,5,4,5,5,5,5,5,5,4.745484401,5,5,5,4,5,5,5,4,5,4,3,4,5,5,3,4,5,2,5,2,2,1,1,4,5,1,1,1,2,5,5,1,1,1,Female,21,4,1.090909091
0,1,1,1,0,0,1,0,0,0,4,5,5,4,5,4,5,4,3,1,3,2,3,1,4,4,5,5,5,5,4,5,4,4,3,4,4,5,4,3,3,5,3,5,5,5,4,3,4,1,2,5,4,4,2,2,5,5,2,5,2,2,5,3,2,2,1,Female,22,3,1.272727273
0,0,1,0,0,0,0,1,0,0,5,3,4,3,4,5,5,4,3,1,3,1,2,2,5,5,5,5,5,5,5,5,3,2,3,4,3,4,4,3,3,5,5,5,2,5,4,3,3,6,3,5,1,2,1,1,5,5,1,1,1,1,6,5,1,1,1,Male,23,3,1.454545455
1,1,0,1,1,1,1,0,1,1,4,2,5,4.312703583,6,6,5,6,5,2,4,3,4,5,5,6,5,5,5,4,4,5,5,5,5,5,4,6,5,4,5,6,4,3,4,6,6,5,5,5,2,5,2,1,1,1,5,5,1,1,1,4,5,5,2,2,2,Female,24,3.5,1.090909091
1,1,0,1,1,1,1,0,1,1,5,4,5,4,5,5,5,5,5,2,3,3,3,3,4,3,5,5,5,5,5,4,4,3,4,5,3,4,3,4,4,5,5,3,5,5,3,3,5,4,2,5,2,2,2,2,4,5,2,3,2,2,5,5,2,2,2,Female,24,2.5,1
1,1,0,1,1,1,1,0,1,1,3,6,2,6,1,5,5,4,1,1,1,1,1,1,4,1,4,1,1,3,1,6,3,3,6,6,6,6,6,6,5,3,3,6,1,4.913680782,6,5,3,6,1,4,5,3,1,1,3,4,1,4,1,1,4,4,2,1,1,Male,23,2.5,1
1,1,0,1,1,1,1,0,1,1,6,6,6,6,5,5,3,6,4,1,4,1,1,5,5,4.323432343,5,4.441707718,5,4,5,5,4,5,4,5,5,5,5,5,5,6,4,6,5,5,5,5,4,4,1,6,2,2,1,1,5,5,2,3,1,2,6,5,2,1,1,Female,22,4,1.363636364
1,1,0,1,1,1,1,0,1,1,5,5,5,4,4,3,5,5,5,2,2,2,1,4,4,5,4,4,5,5,5,6,4,3,4,4,4,4,4,4,5,6,4,3,4,5,5,4,5,3,2,5,1,3,1,1,6,6,1,1,1,2,5,5,2,1,2,Female,21,3.5,1
1,1,0,1,1,1,1,0,1,1,6,3,5,4,5,5,4,5,3,1,1,2,1,1,5,5,5,5,5,4,4,4,4,5,5,4,4,4,4,4,4,6,5,3,5,5,5,4,5,4,3,5,1,2,2,1,4,5,1,3,1,2,5,5,1,1,1,Male,23,5.5,1.090909091
1,1,0,1,1,1,1,0,1,1,6,4,3,3,3,3,2,4,2,3,2,3,2,1,4,4,4,5,5,4,4,5,4,5,3,5,3,3,2,5,5,6,4,6,4,5,4,5,5,1,2,5,2,5,3,2,5,4,2,3,2,2,5,4,2,2,1,Female,26,5,1.272727273
1,1,0,1,1,1,1,0,1,1,6,5,6,5,5,4,4,4,3,1,2,4,4,4,4,5,5,5,4,4,4,4,4,3,4,4,4,5,4,4,4,6,6,5,6,5,5,4,6,5,3,5,4,1,1,1,5,5,1,2,1,4,5,5,3,1,1,Male,23,8,1
0,1,0,0,0,1,1,0,1,1,6,4,5,3,5,2,3,4,3,4,4,5,3,2,4,4,5,4,3,5,5,5,4,4,4,5,5,5,5,5,5,5,6,5,4,4,4,6,5,3,4,5,5,3,2,2,4,5,5,4,4,4,5,4,4,2,2,Male,22,1.5,1
1,1,0,1,1,1,1,0,1,1,5,5,6,5,6,6,6,6,5,3,6,6,6,6,5,5,6,6,5,6,5,6,6,5,6,6,5,6,5,6,6,6,6,1,6,6,6,6,6,1,1,5,4,1,5,5,4,6,5,4,4,1,6,6,1,1,1,Female,23,3,1
1,1,0,1,1,1,1,0,1,1,3,5,5,4,3,4,4,3,4,3,3,6,5,4,6,1,5,5,4.674267101,4,3,5,1,4,4,3,4,4,5,4,3,5,4,3,4,5,5,4,4,4,4,5,5,5,5,4,4,4,5,4,4,4,4,4,5,5,4,Male,25,2.5,1.454545455
1,1,0,1,1,1,1,0,1,1,5,5,6,4,6,6,4.383986928,4,6,4,6,4,5,5,6,6,5,4.441707718,5,2,5,5,6,6,6,4,6,5,4,4,5,5,6,1,5,6,4,4,5,6,1,5,6,6,4,6,4,5,6,5,5,6,4,6,5,2,2,Female,23,2,1
1,1,0,1,1,1,1,0,1,1,4,6,6,5,6,6,6,5,5,4,6,6,5,5,5,5,5,6,6,5,5,6,5,5,6,6,5,5,5,5,5,6,6,2,5,6,6,5,5,1,1,6,5,1,6,5,6,5,5,5,5,1,5,4,1,1,1,Female,21,2,1.01080841
1,1,0,1,1,1,1,0,1,1,6,1,4,2,6,3,4,3,3,2,3,4,4,3,4,5,5,5,5,5,5,5,4,5,4,4,3,5,4,4,4,6,4,2,4,5,5,6,5,1,2,5,1,1,1,1,5,5,1,2,1,1,6,4,1,1,1,Female,20,3,1
1,1,0,1,1,1,1,0,1,1,5,5,6,5,5,5,6,5,4,1,1,3,4,5,2,4,3,4,5,2,3,5,5,4,4,4,4,4,4,4,5,5,5,3,4,5,4,3,5,5,2,3,3,2,4,5,4,4,5,3,4,4,4,5,3,5,2,Female,21,5,2.272727273
1,1,0,1,1,1,1,0,1,1,6,4,6,5,3,3,4,6,3,2,4,3,3,6,6,6,6,6,6,6,5,4,6,4,4,6,4,6,5,5,5,6,6,1,6,6,5,4,5,1,1,6,1,1,1,1,5,6,1,1,1,1,6,4,1,1,1,Male,23,3,1
1,1,0,1,1,1,1,0,1,1,5,5,5,5,4,4,5,5,4,2,4,3,2,6,6,5,5,5,5,5,5,6,5,5,6,5,6,6,6,6,6,6,5,3,5,5,5,4,4,4,2,5,1,1,1,1,5,6,1,1,1,1,5,6,1,1,1,Male,20,5,1
1,1,0,1,1,1,1,0,1,1,3,2,3,2,4,3,2,5,4,3,2,5,4,3,5,5,5,5,5,5,4,4,4,5,3,4,4,5,5,4,5,5,6,2,5,5,5,2,5,2,2,5,1,4,1,1,5,4,2,1,1,2,5,3,2,2,1,Male,21,4.16,1.090909091
0,0,1,0,0,0,0,1,0,0,6,6,6,2,3,4,2,5,4,1,2,3,1,2,4,5,5,5,6,6,5,5,5,4,4,5,4,5,6,5,4,5,4,4,4,5,5,3,3,6,3,6,1,6,1,1,5,6,1,4,1,1,6,5,1,1,1,Unknown,21,1.5,1
0,1,1,1,0,1,0,0,0,1,4,3,3,3,1,1,3,2,3,1,3,4,2,3,3,4,5,4,5,4,3,5,2,2,3,3,4,4,4,3,3,2,3,4,3,3,5,4,3,1,4,5,1,3,3,2,6,4,1,4,1,1,5,4,1,1,1,Male,21,6,2.818181818
0,1,0,0,1,0,1,0,0,0,5,5,5,2,1,3,5,1,6,3,3,6,3,5,6,6,6,5,6,1,4,5,5,6,5,5,6,6,6,6,5,6,6,1,6,5,6,5,6,2,4,6,3,4,2,2,6,5,6,3,2,1,6,5,2,3,6,Male,19,5,1.090909091
1,1,0,1,1,1,1,0,1,1,6,3,4,2,6,5,4,3,2,2.311074919,6,5,2,2,4,1,1,6,2,1,1,5,6,2,4,6,1,5,4,5,2,5,5,3,5,6,4,2,6,1,5,5,2,4,5,4,5,3,5,5,5,1,5.078175896,2,3,1,5,Male,18,8,1.818181818
1,1,0,1,1,1,1,0,1,1,5,4,2,3,4,4,3,4,5,3,2,3,4,2,5,4,4,4,4,4,3,4,5,3,2,3,4,3,4,4,4,5,4,2,4,4,4,3,4,3,3,5,2,2,2,2,4,4,2,2,4,2,5,4,2,2,2,Male,26,5,1.181818182
1,1,0,1,1,1,1,0,1,1,5,6,5,3,3,1,3,3,4,1,1,2,2,6,5,4,5,4,4,4,5,5,4,3,5,4,5,4,5,4,4,6,5,4,5,3,3,3,5,5,3,4,3,3,3,3,5,4,2,3,2,2,5,5,2,2,2,Male,21,3.5,1
1,1,1,1,1,1,0,1,1,0,4,4,5,3,6,4,4,5,5,1,1,3,5,2,5,6,6,5,5,5,5,6,6,4,2,4,6,6,4,3,5,4,5,5,6,6,5,5,6,5,3,5,4,1,1,1,5,5,1,4,1,1,5,5,1,1,1,Male,20,3.5,1.090909091
1,1,0,1,1,1,1,0,1,1,5,5,6,6,4,5,4,5,5,3,3,2,2,4,4,2,4,3,5,5,4,4,3,3,3,4,4,4,3,4,4,5,5,4,5,5,5,2,5,5,1,5,2,3,2,2,4,5,2,4,3,3,5,4,2,2,1,Female,23,4,1.181818182
1,1,0,1,1,1,1,0,1,1,5,5,5,4,5,5,4,5,5,3,3,3,3,2,3,4,5,4,5,5,5,4,5,4,4,4,4,5,4,4,4,5,5,2,5,5,4,5,5,4,3,5,2,2,2,2,4,5,2,3,2,2,5,5,5,2,2,Female,20,1,1.090909091
1,1,0,1,1,1,1,0,1,1,5,4,5,5,5,5,4,5,5,2,3,5,4,5,5,5,5,5,5,3,5,5,5,5,5,5,5,5,5,5,5,5,6,1,5,5,5,5,5,1,1,5,2,3,1,1,5,5,1,3,1,2,5,5,1,1,1,Female,21,3,1
1,1,0,1,1,1,1,0,1,1,5,2,4,3,6,6,6,6,5,1,2,4,1,2,5,5,5,5,6,5,5,4,5,3,2,3,3,4,4,2,3,6,4,3,4,6,5,4,6,1,2,5,1,1,1,1,5,5,1,1,1,2,5,5,1,1,1,Female,20,1,1
1,1,0,1,0,1,0,0,1,1,4,5,6,5,5,4,3,5,6,3,4,5,6,5,5,5,6,5,6,6,6,5,4,4,3,5,4,4,5,3,4,4,5,6,5,6,6,1,5,4,3,5,2,2,1,1,5,6,1,1,1,2,6,6,1,2,1,Female,21,2.5,1.727272727
1,1,0,1,1,1,1,0,1,1,5,3,4,4,3,5,6,6,5,6,1,2,6,5,5,5,6,6,5,5,1,5,4,4,3,6,5,5,5,5,5,6,6,2,6,6,6,6,5,1,5,5,3,2,2,6,5,3,2,6,2,3,5,2,2,2,2,Female,23,1.5,1.545454545
1,1,0,0,0,0,0,0,0,0,5,5,6,5,5,4,5,4,3,2,1,2,5,2,5,1,5,4,5,4,5,4,5,1,4,4,4,4,4,5,5,5,2,6,5,3,4,5,5,6,2,5,1,4,2,2,6,5,2,2,2,3,6,5,2,2,2,Male,22.63,5.5,1
1,1,0,0,0,0,1,0,1,0,2,2,3,3,3,4,4,3,4,3,2,3,2,5,2,4,4,4,5,4,4,5,4,4,3,4,6,6,5,4,5,5.280130293,4,4,4,4,5,3,5,5,3,3,1,4,4,4,6,4,3,4,4,3,3,5,4,3,4,Male,22.63,5,1.454545455
1,1,0,1,1,1,1,0,1,1,6,5,5,5,3,5,3,5,4,3,5,3,2,3,3,4,3,3,3,3,3,5,4,4,3,5,4,4,4,5,5,5,2,4,5,5,4,5,4,4,2,3,1,2,4,2,2,3,4,2,3,4,3,3,4,3,4,Male,20,4,1.818181818
1,1,0,1,1,1,1,0,1,1,6,5,5,5,5,4,4,5,5,1,2,1,1,1,4,4.323432343,4,4,4,4,4,5,5,5,4,5,5,5,5,5,5,5,3,4,5,5,5,3,5,6,2,5,3,2,2,2,4,4,2,2,2,2,5,5,2,2,4,Male,32,3,1
1,1,0,1,1,1,1,0,1,1,6,6,6,6,5,4,6,6,3,3,3,3,1,5,6,1,4,3,2,3,4,6,5,3,5,5,5,6,6,6,5,1,5,6,6,6,6,4,4,6,3,4,5,2,2,2,6,5,2,3,2,2,4,4,2,2,2,Female,26,4.5,1
0,1,0,1,1,1,1,0,1,1,5,4,4,4,5,4,3,4,4,2,3,3,2,4,5,4,5,4,5,5,5,4,5,3,4,5,4,6,5,5,5,6,5,4,5,4,5,2,4,5,3,5,1,1,2,1,5,5,2,1,1,3,5,5,2,2,1,Female,22,2.5,1.090909091
1,1,0,0,1,1,1,0,1,1,6,6,6,6,6,6,6,6,2,3,5,3,2,5,4,2,5,4,4,5,6,5,4,4,5,6,3,5,6,5,6,6,2,3,6,6,6,4,6,2,2,4,5,4,3,3,5,5,3,5,3,2,6,5,2,2,3,Female,22,4.5,1.272727273
1,1,0,1,1,1,1,0,1,1,5,4,5,4,5,5,4,5,3,2,3,3,2,2,5,5,4,5,5,5,5,5,5,4,5,5,5,5,5,5,5,5,4,4,5,5,5,4,5,4,2,5,4,3,3,3,5,5,3,4,2,3,4,4,3,3,2,Female,25,0.5,1
1,1,0,1,1,1,1,0,1,1,4,3,4,3,5,5,3,3,6,3,1,1,2,2,5,1,4,1,5,5,5,5,5,5,3,5,5,5,4,5,5,4,4,2,4,4,4,3,3,4,2,6,2,2,2,2,4,5,2,2,2,2,5,5,2,2,2,Female,21,3.7,1.090909091
1,1,0,1,1,1,1,0,1,1,5,4,5,4,5,5,4,4,5,2,4,3,2,3,4,3,4,4,4,4,4,4,4,2,2,3,2,2,3,2,2,5,5,3,5,3,5,4,4,3,4,5,3,1,2,2,4,5,2,2,2,2,5,4,2,2,2,Female,23,3.5,1
1,1,0,1,1,1,1,0,1,1,5,4,5,5,5,6,5,5,4,3,3,3,2,5,2,5,5,4,4,4,5,5,5,5,1,3,4,4,3,3,3,5,5,2,3,5,5,6,4,1,1,5,2,4,2,2,5,5,2,4,2,2,5,5,2,2,2,Female,21,10,1.181818182
1,1,1,1,0,1,1,1,1,1,6,6,6,4,6,6,6,6,1,1,1,1,1,2,1,3,3,2,3,1,4,6,4,6,5,5,5,6,6,5,4,6,1,3,4,6,4,2,6,5,2,5,3,2,3,2,5,2,3,6,2,2,3,5,1,2,1,Female,26,2.5,1
1,1,0,1,1,1,1,0,1,1,4,3,3,3,3,3,2,2,3,3,3,4,3,1,5,4,4,4,5,4,4,5,4,5,4,5,5,6,6,5,6,4,3,4,5,4,4,2,4,1,2,5,2,4,2,2,5,5,1,2,1,2,4,4,1,1,1,Female,23,5.5,1.181818182
1,1,0,1,1,1,1,0,1,1,5,4,4,5,5,3,4,5,5,3,4,4,4,4,5,5,5,5,5,5,5,4,4,5,4,4,5,5,5,5,5,5,6,4,5,5,5,4,5,2,4,5,4,3,2,2,5,5,2,4,4,2,5,5,2,2,2,Female,20,8,1
1,1,0,1,1,1,1,0,1,1,5,4,2,2,5,5,2,4,3,3,3,2,2,2,5,1,5,3,3,2,4,4,5,5,2,4,4,5,5,4,4,6,5,3,5,4,5,3,5,2,2,4,2,2,3,2,4,4,2,4,5,1,5,4,2,2,5,Female,20,1.5,1.363636364
1,1,0,1,1,1,1,0,1,1,5,5,5,5,5,6,5,5,2,1,2,2,1,2,3,4,4,4,5,2,5,5,4,4,3,4,4,5,4,4,5,5,5,3,4,5,5,5,5,4,3,4,2,2,2,1,5,2,2,2,5,3,5,4,2,2,2,Female,22,3,1.090909091
1,1,0,1,1,1,1,0,1,1,5,3,5,4,2,4,6,3,4,2,2,2,3,3,4,4,4,4,5,4,4,5,5,4,5,5,4,5,4,3,4,5,4,4,5,6,5,4,5,5,2,4,2,3,2,2,5,4,2,2,2,1,5,4,1,1,1,Male,24,3,1
1,1,0,1,1,1,1,0,1,1,4,4,4,4,5,5,4,4,3,1,2,5,3,4,3,4.323432343,5,4,5,4,4,5,5,4,3,4,4,4,5,4,4,5,4,2,4,4,4,5,4,1,3,5,2,2,2,2,4,5,2,1,1,2,5,5,2,2,2,Female,20,2,1
1,1,0,0,1,1,1,0,0,1,6,4,6,5,5,4,4,5,6,2,3,3,2,5,5,4,4,4,4,4,4,4,4,5,2,4,4,4,4,4,4,6,5,3,4,5,4,6,4,2,3,4,2,4,1,1,4,4,1,2,1,1,4,4,2,1,1,Female,22,6.5,1
1,1,0,1,1,1,1,0,1,1,6,6,6,5,5,3,4,5,3,2,2,3,4,4,4,4,5,3,4,2,5,4,4,5,4,4,4,4,4,4,5,5,5,4,4,6,3,4,5,4,2,5,2,4,2,2,4,5,2,3,2,1,5,4,2,2,2,Female,21,3,1.272727273
1,1,0,1,1,1,1,0,1,1,4,5,4,4,3,5,5,5,3,1,2,2,2,2,4,3,5,4,4,4,4,5,5,4,4,4,4,5,4,5,4,5,4,2,4,5,5,2,4,1,2,5,1,3,2,2,5,5,2,2,2,2,5,5,2,2,2,Female,26,3,1
1,1,0,1,1,1,1,0,1,1,4,4,4,2,2,2,2,4,5,5,5,5,5,5,5,5,5,5,5,5,5,5,4,5,4,4,5,5,4,4,4,3,4,5,4,5,5,2,4,1,2,5,2,5,2,2,5,5,2,2,2,2,5,4,3,2,2,Female,22.63,3.5,1
1,1,0,1,1,1,1,0,1,1,5,5,5,3,5,4,5,4,2,3,3,3,5,3,5,5,5,4,5,5,4,5,2,3,3,5,3,5,3,4,4,6,4,6,4,4,3,2,4,6,5,5,2,2,2,2,5,4,1,2,1,2,6,4,1,1,1,Male,21,2,1.090909091
0,0,1,0,0,0,0,1,0,0,5,4,4,4,4,5,4,4,3,2,2,3,3,3,4,5,4,4,4,4,4,5,4,5,3,4,4,4,4,4,4,6,4,1,5,4,5,6,5,1,2,5,3,2,1,1,4,5,2,2,2,2,4,4,2,2,2,Female,22,1,1
1,1,0,1,1,1,1,0,1,1,6,5,6,6,6,4,5,5,5,2,3,3,2,4,6,4,6,5,6,6,6,4,5,5,1,5,3,5,4,4,4,6,6,2,5,5,4,5,5,5,1,5,1,3,1,1,5,6,1,1,1,1,6,5,1,1,1,Female,22,4,1
0,1,0,1,1,1,1,0,1,1,4,4,5,4,5,6,3,5,3,1,3,2,3,2,5,1,6,6,6,6,5,5,5,4,4,5,4,6,6,5,5,5,4,6,5,5,5,3,5,6,4,5,1,1,1,1,6,6,1,1,1,3,6,5,1,1,1,Female,21,3,1
1,1,0,1,1,1,1,0,1,1,5,3,5,4,4,5,5,4,5,2,3,3,3,2,3,5,5,5,5,5,5,4,5,5,3,4,3,5,4,5,4,5,5,4,3,5,5,3,5,5,3,5,3,4,3,3,5,5,3,4,2,3,5,5,3,3,3,Female,24,3,1.090909091
0,1,0,0,1,1,1,0,0,1,4,3,4,4,4,4,4,5,4,3,3,3,2,4,3,4,4,4,5,4,5,5,4,5,3,4,4,5,4,4,4,6,5,4,4,5,5,4,4,1,2,5,3,4,3,2,5,4,3,3,2,3,4,5,3,1,1,Female,20,2.5,1.727272727
1,1,0,1,1,1,1,0,1,1,5,5,5,5,4,5,5,6,3,2,2,2,2,5,4,4,4,4,5,4,4,5,5,3,3,5,3,5,5,4,4,5,5,5,4,5,5,3,4,1,2,4,3,2,2,3,3,4,3,4,3,3,4,4,3,4,4,Female,21,1.2,1
1,1,0,1,1,1,1,0,1,1,6,6,6,6,4,6,4,5,4,3,4,3,1,4,1,4,6,4,4,4,4,5,4,4,3,3,4,4,4,3,4,6,6,5,6,4,4,6,6,6,2,4,3,3,3,3,4,4,2,4,1,3,6,6,1,1,1,Female,20,2.5,1
1,1,0,1,1,1,1,0,1,1,5,5,5,5,3,6,5,5,2,1,1,1,1,1,4,3,3,4,4,4,3,5,3,4,4,4,2,3,3,4,3,6,5,3,5,5,5,2,3,1,1,4,5,4,3,2,3,4,3,5,2,2,5,4,2,2,2,Female,21,2.5,1
1,1,1,1,1,1,1,1,1,0,6,6,6,6,6,6,4,5,2,1,3,6,5,6,5,6,5,6,5,5,5,4,5,5,5,5,4,4,5,4,6,6,4,3,6,4,5,5,6,1,2,5,1,1,1,1,3,1,1,1,1,4,5,5,1,1,1,Male,20,2,1
1,1,0,1,1,1,1,0,1,1,6,5,4,6,6,6,5,6,4,1,4,4,2,1,4,3,5,4,5,4,4,5,5,5,4,5,4,3,5,5,4,6,4,4,6,4,5,6,5,5,1,5,1,2,2,2,5,5,2,2,2,2,5,4,2,2,2,Female,21,5,1.090909091
1,1,0,1,1,1,1,0,1,1,5,5,5,5,5,5,5,6,5,3,3,2,3,4,2,5,5,5,5,5,5,5,5,5,4,4,4,5,5,5,5,6,4,5,4,5,5,6,5,1,2,5,2,2,1,1,5,5,1,2,1,1,5,5,1,1,1,Female,20,5,1
1,1,0,1,1,1,1,0,1,1,4,4,4,5,4,4,5,4,4,3,4,5,5,3,5,5,5,5,5,5,5,4,5,5,4,5,5,5,4,4,4,6,5,3,5,5,5,5,5,4,2,5,2,3,2,2,6,5,2,2,2,2,5,5,1,2,2,Male,22,2.5,1
1,1,0,1,1,1,1,0,1,1,5,6,5,6,4,6,4,2,5,2,2,3,3,3,4,4,4,4,4,4,5,5,4.745484401,5,2,5,5,5,5,5,5,4,3,5,4,4,4,3,4,5,4,5,4,2.373572594,3,3,5,4,3,5,3,4,4,4,4,4,4,Female,24,5,1.272727273
1,1,0,1,1,1,1,0,1,1,6,5,5,6,5,3,3,4,4,1,1,1,2,1,6,6,5,6,6,6,6,6,6,6,4,5,5,6,6,5,6,6,4,4,5,6,6,4,5,4,2,6,1,3,1,1,6,6,1,5,1,1,6,5,1,1,1,Male,27,2,1
0,0,1,0,0,0,0,1,0,0,4,3,4,2,4,5,5,5,4,4,4,3,5,3,3,4,5,5,5,4,5,5,4,4,4,4,4,5,4,3,4,5,5,4,5,3,4,3,5,1,2,5,3,3,2,2,4,4,2,3,2,2,5,5,2,2,1,Female,24,3.5,1
1,1,0,1,1,1,1,0,1,1,4,1,4,4,5,5,4,4,6,3,3,4,5,3,6,5,5,5,5,5,5,4,4,5,2,3,4,6,4,4,4,6,5,2,5,5,4,6,5,2,1,5,2,1,1,1,5,5,1,2.62254902,1,2,6,5,1,1,1,Female,22,3.5,1
1,1,0,1,1,1,1,0,1,1,5,4,5,4,6,5,5,4,5,3,4,2,2,4,5,4,5,4,4,4,4,4,5,4,3,4,4,4,4,4,3,5,4,2,6,5,5,5,5,2,2,5,1,1,1,1,4,5,1,1,1,2,5,5,1,1,1,Female,21,3,1
1,1,0,1,1,1,1,0,1,1,5,5,6,6,4,5,5,4,5,2,4,2,2,2,4,5,5,4,5,4,4,5,5,5,4,5,5,6,5,5,5,6,5,3,6,4,5,4,5,4,3,5,3,4,2,2,5,5,2,2,1,1,5,5,2,1,1,Female,23,2.5,1.090909091
1,1,0,1,1,1,1,0,1,1,5,5,5,5,5,5,5,5,4,3,2,3.289215686,3,2,4,4.323432343,5,4.441707718,5,5,4.53257329,5,5,2,4,5,5,4,5,5,5,6,5,3,5,5,5,5,5,5,3,5,3,2,2,2,4.888888889,2,2,4,2,1,5,5,2,2,2,Female,32,4,1
1,1,0,1,1,1,1,0,1,1,6,4,6,5,5,6,6,6,5,1,4,3,3,5,5,5,5,5,5,5,5,5,5,5,3,5,5,6,5,5,6,5,6,4,5,5,5,4,5,6,2,6,3,1,1,1,5,5,1,3,1,3,5,5,1,1,1,Female,22,2,1.090909091
1,1,0,1,1,1,1,0,1,1,5,5,5,4,2,4,4,4,5,2,2,5,2,4,4,3,4,5,5,5,5,5,5,4,4,5,4,5,5,4,6,5,5,4,5,5,5,3,4,4,4,5,2,2,2,2,4,5,2,4,2,3,5,5,2,2,2,Female,20,6,1.818181818
1,1,0,1,1,1,1,0,1,1,5,6,5,5,6,5,1,6,2,4,3,5,5,4,4,5,5,5,6,5,6,5,6,5,5,6,6,6,6,6,5,6,5,3,6,5,5,6,6,6,5,6,2,6,1,1,6,6,2,1,2,4,6,4,4,3,3,Male,20,8,1.090909091
1,1,0,1,1,1,0,1,0,0,2,2,4,2,4,5,4,5,3,3,3,2,1,5,3,3,3,4,4,4,4,5,4,4,4,4,3,6,5,3,3,5,2,4,3,5,4,3,3,5,4,5,1,4,2,2,5,4,3,2,2,4,5,4,2,2,2,Female,22,3,1.090909091
1,1,0,1,1,1,1,0,1,1,5,4,4,4,5,5,5,4,5,4,3,4,4,4,4,4,4,4,4,4,4,5,4,3,4,5,4,4,4,4,4,5,5,3,5,5,5,3,4,2,3,5,3,2,3,3,4,4,3,3,3,4,4,4,3,3,3,Female,24,6,1
1,1,0,1,1,1,1,0,1,1,6,6,4,5,4,4,3,5,4,1,2,2,2,2,3,4,3,4,3,3,3,5,6,5,5,5,5,6,6,5,4,5,6,2,5,5,5,4,4,1,3,4,4,3,4,4,3,3,5,3,3,1,5,4,2,3,3,Female,20,1,1.090909091
1,1,0,1,1,1,1,0,1,1,3,4,4,3,4,4,4,5,5,2,2,4,4,4,5,4,5,5,5,5,5,5,5,4,2,4,3,4,4,3,3,5,4,2,5,4,4,6,3,4,2,6,3,1,1,1,5,5,1,3,2,3,5,5,2,2,2,Female,22,8,1.181818182
1,1,0,1,1,1,1,0,1,1,6,4,4,5,6,5,5,5,6,2,5,4,3,5,5,5,5,5,5,5,5,5,5,5,5,5,5,5,5,5,5,5,6,4,5,5,6,6,5,1,2,5,1,2,2,2,6,5,2,4,2,1,5,5,2,2,2,Female,22,2,1
1,1,0,1,1,1,1,0,1,1,5,4,4,4,5,4,4,4,5,4,4,3,4,3,5,5,5,4,5,5,5,4,5,5,3,4,5,5,5,4,4,5,6,2,6,5,5,5,5,6,2,5,2,2,2,1,5,5,2,2,2,1,5,5,2,2,2,Female,19,5,1
1,1,0,1,1,1,1,0,1,1,4,4,4,4,5,5,6,5,5,1,3,3,3,5,6,4,6,5,5,6,5,4,5,5,4,5,3,5,5,4,5,6,4,6,5,4,5,5,3,6,2,5,1,2,1,1,6,5,1,1,1,1,6,6,1,1,1,Female,20,6,1
1,1,0,1,1,1,1,0,1,1,5,5,5,5,5,5,4,4,6,3,4,4,4,2,5,6,5,5,5,5,5,5,5,5,5,5,5,5,5,5,5,5,5,4,4,5,5,4,4,4,4,5,4,2,3,2,5,5,2,4,3,2,6,5,2,2,2,Male,23,2,1.181818182
1,1,0,1,1,1,1,0,1,1,2,2,5,5,4,3,3,1,2,2,1,3,2,4,5,3,2,2,4,5,1,6,4,4,2,1,3,3,3,1,6,2,3,6,4,3,4,3,4,1,4,5,1,1,2,4,1,2,1,4,5,4,3,2,4,3,4,Unknown,35,6,3.272727273
1,1,0,1,1,1,1,0,1,1,6,5,5,6,6,6,6,6,5,3,4,4,2,5,3,5,3,4,4,3,4,5,4,4,4,4,3,4,5,3,5,6,6,1,5,6,6,2,3,1,1,4,2,1,4,2,4,4,4,1,4,4,2,3,4,4,4,Male,22,10,1.454545455
1,1,0,1,1,1,1,0,1,1,5,4,4,5,6,5,3,4,3,4,6,5,3,3,6,5,5,5,5,5,5,5,5,5,4,5,5,5,5,5,5,6,5,5,5,5,5,4,5,2,4,5,3,2,2,2,5,5,2,2,2,2,5,5,2,2,2,Male,21,8,1
1,1,0,1,0,1,1,0,1,1,4,5,5,5,4,2,4,5,4,5,5,4,4,5,5,5,5,5,5,6,5,6,5,5,5,5,5,6,5,5,5,5,4,2,4,6,5,5,5,1,1,5,5,3,2,2,5,5,1,2,1,2,6,5,1,1,1,Female,26,4,1
1,1,0,1,1,1,1,0,1,1,6,6,5,6,5,4,5,5,4,3,5,5,4,5,5,5,4,4,5,5,5,5,5,6,4,5,5,6,6,5,6,6,5,6,6,5,5,2,5,6,1,5,2,5,2,2,5,4,2,1,2,2,6,5,2,1,1,Male,20,4,1.454545455
0,1,1,1,1,0,1,1,1,0,5,6,5,6,6,6,6,6,4,2,2,3,2,2,4,5,4,5,5,5,5,5,5,5,5,5,3,5,5,5,5,6,5,1,5,5,5,3,6,1,2,6,3,1,1,1,5,5,1,4,2,2,6,5,1,2,1,Female,22,5,1
1,1,0,1,1,1,1,0,1,1,5,5,6,5,6,6,6,5,5,5,6,4,1,6,5,5,5,4,5,5,4,5,5,5,4,5,2,4,4,4,4,6,4,3,6,6,5,5,5,4,4,5,3,1,5,3,5,4,1,1,1,3,5,6,1,3,1,Female,21,4,1
1,1,0,1,1,1,1,0,1,1,5,4,5,3,6,6,4,4,3,3,2,3,3,3,5,5,5,4,6,4,4,4,5,4,3,4,3,5,5,4,4,6,5,1,5,5,5,5,5,6,2,4,3,2,3,2,6,4,2,2,2,4,5,4,2,2,2,Female,22,3,1.090909091
1,1,0,1,1,1,1,0,1,1,5,3,5,3,4,5,4,4,4,3,3,3,3,3,5,3,5,4,4,4,4,4,5,5,3,4,3,5,4,5,4,5,5,4,4,4,6,3,4,2,2,4,3,3,4,3,4,4,2,4,3,2,5,3,2,3,2,Female,23,4,1.090909091
1,1,0,1,1,1,1,0,1,1,4,4,5,5,6,6,5,6,4,1,5,5,4,1,4,5,4,5,4,2,4,5,5,5,3,2,4,5,5,5,4,6,5,5,5,6,5,6,1,6,5,5,2,5,4,3,6,4,4,6,4,2,5,4,3,3,3,Female,23,5,1.272727273
1,1,0,1,1,1,1,1,1,1,4,4,5,5,5,5,5,6,3,2,2,3,1,6,4,3,5,4,6,5,5,5,4,4,4,4,3,5,5,4,6,5,4,6,4,5,5,5,4,4,2,5,1,1,1,1,5,6,1,1,1,1,6,5,1,1,1,Female,24,6,1
1,1,0,1,1,1,1,0,1,1,4,3,4,4,4,5,4,5,3,1,2,3,4,3,5,5,5,4,6,5,5,5,4,5,4,4,4,5,4,5,4,5,4,4,5,4,5,4,5,4,3,5,2,2,2,1,5,5,1,4,2,2,5,4,1,1,1,Female,22,3,1
1,1,0,1,1,1,1,0,1,1,5,4,6,4,5,4,5,4,2,1,1,1,1,1,5,4,5,5,5,5,5,5,5,4,3,4,5,5,3,3,4,6,5,4,5,4,5,4,5,1,3,5,1,1,1,1,5,4,1,2,1,1,6,5,1,1,1,Female,24,4,1
1,1,0,1,1,1,1,0,1,1,5,1,4,3,4,1,3,1,4,1,1,2,1,2,6,4,5,5,5,2,6,3,6,2,2,5,5,6,5,5,4,4,6,6,5,4,5,5,5,6,5,5,1,1,1,1,6,5,1,1,1,1,6,2,1,1,1,Male,28,4,1.090909091
1,1,0,1,1,1,1,0,1,1,5,3,5,3,4,4,4,4,2,1,2,1,1,1,3,4,5,4,5,5,5,4,4,5,3,3,4,4,4,3,4,5,4,3,4,5,5,3,5,4,2,6,1,2,1,1,5,5,1,1,1,1,6,5,1,1,1,Female,22,5,1
1,1,0,1,1,1,1,0,1,1,6,4,5,4,3,4,4,4,5,4,3,4,4,3,4,4,5,5,4,4,5,5,5,5,4,4,5,5,5,4,4,6,5,1,5,6,5,5,4,4,2,5,1,1,2,1,5,5,2,1,2,3,5,5,2,2,2,Female,22,3,1
0,0,0,1,1,0,1,1,0,1,5,5,5,5,5,5,5,5,5,3,3,4,3,3,3,4,4,4,4,3,3,5,5,4,4,4,4,5,5,5,4,5,5,6,5,5,5,5,5,4,3,5,1,3,2,2,5,5,2,2,2,3,5,5,2,2,2,Female,21,4,1.181818182
1,1,0,1,1,1,1,0,1,1,5,6,5,5,5,6,5,5,3,1,2,4,2,2,4,4,5,4,5,2,4,5,4,4,4,5,4,5,3,5,4,5,5,2,5,5,5,5,6,1,1,5,3,1,1,1,5,6,1,1,1,2,5,5,1,1,1,Male,21,6,1.090909091
1,1,0,1,1,1,1,0,1,1,4,2,4,4,4,3,4,5,3,2,4,3,2,2,5,5,6,5,5,6,5,6,5,6,4,6,5,5,5,5,5,6,5,6,5,5,5,5,5,6,5,5,2,4,2,1,6,5,1,2,1,2,6,5,1,1,1,Male,25,3,1
1,1,0,1,1,1,1,0,1,1,5,4,5,4,4,5,4,5,5,2,4,2,5,2,5,5,5,3,5,4,5,4,3,2,2,4,3,4,4,4,4,6,6,3,4,5,4,6,5,6,2,5,1,3,2,1,6,5,2,1,1,1,5,5,2,2,1,Female,21,5,1
1,1,0,1,1,1,1,0,1,1,3,3,4,3,4,6,5,4,4,2,3,5,2,5,4,5,4,4,5,5,5,5,5,5,4,5,3,5,4,4,4,6,5,2,5,5,6,5,3,5,3,5,2,1,1,1,5,5,1,4,1,2,5,4,1,1,2,Female,20,8,1
1,0,0,0,0,0,0,1,0,0,6,3,6,5,5,6,5,5,3,1,2,4,2,3,5,5,5,4,5,5,5,5,5,5,3,5,4,3,4,4,5,4,4,4,5,5,5,3,5,3,1,5,4,1,2,2,5,5,2,4,2,2,5,5,1,1,1,Female,21,5,1.181818182
1,1,0,1,1,1,1,0,0,1,4,3,4,4,4,3,3,5,5,2,2,3,2,2,4,4,4,4,4,4,4,4,4,4,4,4,4,4,4,4,4,5,5,4,5,4,5,3,5,1,4,5,3,3,3,3,5,4,3,4,3,3,5,4,3,3,3,Female,22,5,1
1,1,0,1,1,1,1,0,1,1,5,4,5,4,5,5,5,4,5,3,5,5,4,5,5,5,5,5,5,5,5,3,5,4,3,4,4,5,5,4,3,5,4,5,5,5,5,4,4,2,2,5,2,3,1,1,5,5,1,2,1,2,5,5,1,1,1,Female,20,3,1.090909091
1,1,0,1,1,1,1,0,1,1,6,6,5,5,5,6,5,5,3,2,4,3,2,2,5,4,5,4,5,5,5,5,5,4,3,4,4,5,4,4,4,6,5,2,5,4,4,5,5,4,3,6,2,1,1,1,5,5,1,2,1,2,5,5,1,1,1,Male,21,1,1
1,1,0,1,1,1,1,0,1,1,5,5,5,5,5,5,6,5,5,3,4,4,2,4,4,5,5,5,5,5,5,6,5,5,4,5,5,5,5,5,5,6,5,2,5,5,5,3,5,2,2,5,3,6,4,4,5,4,3,3,3,3,5,4,3,2,3,Female,27,4,1
1,1,0,1,1,1,1,0,1,1,5,5,4,5,5,5,5,5,3,2,3,4,2,3,4,5,4,4,5,4,5,4,5,4,3,4,3,4,4,4,4,6,4,2,5,5,5,4,5,2,3,5,3,4,3,2,5,5,2,4,2,3,5,5,2,1,1,Female,21,6,1.181818182
1,1,0,1,1,1,1,0,1,1,5,4,4,4,5,6,5,5,3,2,2,3,2,2,4,4,5,4,5,2,4,5,5,3,2,4,3,5,5,3,4,6,6,1,5,5,5,2,3,3,2,5,2,4,2,2,5,5,2,2,1,2,6,5,1,2,1,Female,21,12,1.090909091
1,1,0,1,1,1,1,1,1,1,5,5,5,5,4,6,5,5,4,4,3,4,3,3,5,6,6,6,6,6,6,5,5,5,4,5,5,6,5,5,5,6,5,2,5,6,5,2,5,1,2,5,3,1,1,1,6,5,1,1,1,2,5,5,1,2,2,Female,22,3,1.090909091
1,1,0,1,1,1,1,0,1,1,4,4,4,3,4,4,4,4,4,2,2,5,2,5,5,6,5,6,5,2,4,5,4,5,4,4,5,5,5,5,5,4,5,3,5,5,5,1,5,1,2,5,2,3,2,2,5,5,2,2,2,2,5,5,2,2,2,Female,22,3,1
1,0,1,1,1,1,1,0,0,0,6,4,5,4,5,6,5,5,5,4,5,4,4,3,6,5,6,5,5,6,6,5,5,5,5,5,5,5,5,6,6,6,6,4,5,2,6,5,5,4,4,5,1,1,1,1,6,5,1,1,1,1,6,6,1,1,1,Female,24,3,1
1,1,0,1,1,1,1,0,1,1,3,3,3,4,4,4,4,4,5,3,3,5,3,4,5,3,4,5,4,4,4,5,5,4,4,4,4,4,4,4,3,4,3,4,3,4,5,3,3,4,4,5,3,2,2,2,5,5,2,3,3,3,4,4,2,2,2,Female,29,5,1.181818182
1,1,0,1,1,1,1,0,0,1,5,5,5,5,5,6,5,6,6,1,2,4,1,5,2,5,5,5,5,5,5,5,5,4,4,5,4,6,5,5,5,6,5,5,5,6,5,3,5,4,2,4,5,4,4,4,4,5,2,2,1,1,6,5,1,1,1,Female,23,1,1.090909091
1,1,0,1,1,1,1,0,1,1,6,6,5,4,6,5,4,6,4,3,4,3,3,3,5,4,5,4,5,4,4,5,5,5,4,4,4,4,5,5,5,6,5,4,5,5,5,5,4,1,1,5,2,5,3,2,3,4,2,3,3,3,5,4,2,2,2,Male,19,10,1
1,0,0,1,1,1,1,0,1,1,4,4,4,4,4,4,5,4,5,3,3,2,2,4,6,5,6,4,5,2,6,5,6,6,3,5,5,4,5,5,5,5,4,2,5,5,5,6,3,2,1,6,2,2,1,1,5,5,1,2,1,1,5,5,1,1,1,Male,23,4,1
1,1,0,1,1,1,1,0,1,1,5,5,5,5,3,3,4,5,4,4,4,4,3,3,5,4,5,5,5,5,5,5,5,4,4,5,5,5,5,5,5,5,5,6,5,5,5,5,5,6,2,5,2,4,2,2,5,5,2,3,2,2,5,5,2,2,2,Male,21,2,1
1,1,0,1,1,1,1,0,1,1,5,4,4,3,4,4,3,6,6,2,4,5,2,4,6,5,5,6,5,6,6,5,5,5,5,6,5,5,6,5,6,5,4,6,4,6,5,5,4,1,3,5,2,2,1,1,3,6,1,5,1,2,5,5,1,1,1,Female,22,5,1
1,1,0,1,1,1,1,0,1,1,4,2,5,3,5,5,3,5,4,3,2,4,2,3,4,5,5,5,5,5,5,5,5,5,4,5,5,5,5,5,4,5,5,3,3,5,5,5,5,1,1,5,2,2,2,1,5,5,1,2,1,1,6,5,1,1,1,Female,27,1,1
1,1,0,1,1,1,1,0,1,1,5,4,5,4,4,5,3,5,5,3,2,3,3,2,5,4,5,5,5,4,4,5,5,5,4,5,5,5,6,5,5,5,4,5,4,5,4,3,4,4,5,5,4,4,2,3,4,4,4,3,3,2,5,4,2,3,3,Male,24,6,1.454545455
1,1,0,1,1,1,1,0,1,1,4,2,3,5,3,3,2,4,2,3,4,3,4,4,4,4,3,4,4,4,4,3,5,3,5,6,1,3,3,3,4,4,2,5,3,4,4,2,5,4,2,3,4,3,4,3,3,3,4,2,4,2,3,2,3,4,4,Male,23,4,3.272727273
1,1,0,1,1,1,1,0,1,1,3,3,4,5,5,6,6,4,3,3,3,3,3,3,4,4,5,5,5,5,4,5,4,4,3,4,3,4,3,3,4,6,5,4,6,5,5,5,6,6,2,5,4,3,3,2,5,5,6,3,3,3,5,4,2,2,2,Female,22,8,1
0,1,1,1,1,1,1,1,1,0,5,4,4,4,4,4,4,4,5,4,3,4,5,4,6,6,6,6,6,6,5,5,5,2,5,6,5,5,5,5,5,5,5,2,4,5,5,5,5,1,2,6,1,2,1,1,6,5,1,1,1,1,5,5,2,1,1,Male,23,7,1
1,1,0,1,1,1,1,0,1,1,5,5,5,3,4,4,4,5,2,1,1,1,3,3,3,4,5,4,3,4,4,6,5,5,5,5,4,4,3,5,4,6,5,5,5,5,5,4,4,6,4,6,5,1,1,1,2,3,1,4,1,3,5,5,1,2,2,Female,23,2,1.090909091
0,0,0,1,1,1,1,0,1,1,6,5,5,5,4,4,4,4,4,1,1,3,2,3,3,4,4,4,4,2,2,5,5,4,4,4,4,5,5,5,5,6,6,4,5,6,5,6,4,4,2,4,1,4,3,2,5,5,2,2,2,2,6,4,5,3,2,Female,24,1,1.454545455
1,1,0,1,1,1,1,0,1,1,5,4,4,5,4,6,5,6,4,3,3,2,2,2,4,4,3,3,3,4,3,5,5,3,2,4,3,5,4,3,4,6,5,1,5,6,5,6,6,1,2,4,2,4,3,3,5,4,3,5,3,4,4,4,3,3,3,Female,22,5,1.090909091
1,1,0,1,1,1,0,0,1,1,5,5,5,5,5,6,5,6,5,2,3,3,3,5,6,1,5,5,5,5,5,3,5,5,2,4,4,5,6,4,5,6,5,2,5,5,5,5,5,2,1,5,4,1,1,1,4,5,1,2,1,3,5,5,2,2,2,Female,25,8,1
1,1,0,1,1,1,1,0,1,1,5,4,4,4,2,4,3,5,4,2,5,6,3,6,4,6,5,6,6,6,5,5,5,5,4,4,5,6,6,5,3,5,6,4,4,5,5,4,5,4,2,6,3,2,2,3,5,5,2,4,1,3,5,4,1,1,1,Female,21,6,1.636363636
1,1,0,1,1,1,1,0,1,1,4,3,4,3,2,4,3,4,5,2,3,3,3,5,5,4,5,4,5,5,5,5,5,5,5,5,5,5,5,5,4,6,6,4,4,5,5,6,5,1,1,5,2,3,2,2,5,5,2,1,2,2,5,5,2,1,2,Female,20,10,1
1,1,0,1,1,1,1,1,1,1,5,5,6,4,6,6,6,5,5,3,3,3,3,4,5,5,5,5,5,4,5,6,6,6,5,5,3,6,6,6,6,5,4,1,5,6,6,4,5,2,1,5,2,1,1,1,6,6,1,1,1,1,6,5,1,1,1,Female,33,6,1
1,1,0,1,1,1,1,0,1,1,2,2,4,1,3,2,2,5,2,1,2,2,1,2,5,5,4,5,5,2,4,4,4,2,3,3,2,5,1,3,4,5,4,2,4,3,5,3,5,5,1,5,1,3,2,2,6,5,2,1,2,3,4,4,2,2,2,Male,23,8,1
0,1,0,1,1,1,1,0,1,1,6,4,5,5,5,4,5,6,3,1,2,5,1,4,5,4,5,5,5,5,5,4,5,2,3,2,3,5,5,4,4,6,4,4,4,5,5,5,5,5,3,5,2,6,2,2,5,5,1,1,1,1,5,5,1,1,1,Male,27,4,1.363636364
1,1,0,1,1,1,1,0,1,1,5,3,5,5,3,6,6,6,5,1,3,6,1,6,3,5,4,4,5,5,4,5,5,5,4,5,4,6,5,5,4,3,5,4,6,5,6,6,5,1,2,4,5,3,2,2,6,5,2,4,2,2,5,4,2,2,2,Male,24,2,1
1,1,1,1,1,0,1,1,1,0,5,5,5,5,5,5,1,5,4,1,2,3,2,3,4,5,5,4,5,5,5,5,5,3,4,5,4,4,5,5,5,6,5,4,5,5,5,5,5,6,3,6,3,2,2,1,5,5,2,1,1,3,5,5,2,1,1,Female,21,3,1
1,1,0,1,1,1,1,0,1,1,6,4,6,3,4,6,3,5,3,2,4,3,3,4,6,5,5,5,5,4,5,5,4,5,5,5,5,5,5,5,5,5,5,6,5,4,5,5,5,6,3,5,3,3,2,1,6,5,3,4,3,3,5,5,1,1,2,Male,20,6,1
1,1,1,1,0,0,1,0,1,1,5,4,4,5,5,6,4,4,5,4,4,2,4,3,5,4,5,3,4,4,4,4,4,4,4,4,4,5,4,4,4,6,5,1,5,5,5,2,5,2,2,6,1,5,2,1,5,5,1,2,1,3,6,5,1,1,1,Female,21,8,1.272727273
1,1,0,1,1,1,1,0,1,1,5,6,5,5,1,2,2,5,6,6,6,5,5,5,6,6,6,6,6,6,5,6,6,6,6,6,6,6,6,6,6,6,5,6,5,5,5,5,5,2,2,5,2,6,2,2,5,5,2,5,2,2,5,5,2,2,2,Female,21,4,1
1,1,0,1,1,1,1,0,1,1,5,3,5,4,3,5,5,5,3,1,3,3,3,2,5,4,4,4,5,5,4,5,4,2,4,4,5,5,5,5,5,5,4,2,4,4,4,5,4,6,5,5,2,4,2,3,4,5,2,5,2,2,5,4,2,2,2,Male,24,3,2.090909091
1,1,0,1,1,1,1,1,1,1,6,3,5,3,4,2,5,3,4,1,2,4,5,2,5,6,6,6,6,6,5,5,5,5,5,6,5,5,5,6,5,6,5,6,5,4,4,6,5,1,2,5,2,1,1,1,5,6,1,6,1,2,5,5,2,2,2,Male,21,2,1.454545455
1,1,0,0,1,1,1,0,1,1,5,4,4,4,4,5,4,4,5,3,4,3,4,3,5,4,5,5,4,5,4,4,4,3,3,4,3,4,3,3,3,5,5,5,5,6,6,5,3,4,3,5,2,1,2,2,4,4,1,1,1,2,5,4,2,1,1,Female,21,5,1.090909091
0,0,0,1,1,1,1,0,1,1,5,4,5,5,6,6,4,5,5,1,5,3,1,1,4,6,6,5,6,5,5,5,5,2,3,5,4,6,4,5,3,6,5,5,5,6,5,4,6,6,3,6,1,1,1,1,5,6,1,2,1,2,6,5,1,1,1,Male,24,2,1
1,1,0,1,1,1,1,0,1,1,6,6,6,5,6,6,5,6,5,3,2,4,2,6,3,5,5,4,4,4,5,4,5,4,3,5,2,5,5,5,6,6,5,1,5,6,5,5,5,4,1,5,2,2,3,2,5,5,2,3,2,2,5,5,2,2,2,Male,21,5,1
1,1,0,1,1,1,1,0,1,1,6,5,5,3,6,6,6,6,3,1,2,1,1,4,2,5,4,5,5,3,4,4,5,5,5,6,5,6,5,6,5,6,2,4,6,6,4,4,6,3,1,4,3,4,2,2,6,5,2,6,1,2,6,5,1,1,1,Female,26,5,1
1,1,0,1,1,1,1,0,1,1,5,5,5,5,5,6,5,5,5,2,3,5,3,5,4,5,4,5,4,4,4,4,5,4,4,5,4,5,4,5,3,6,6,1,6,5,6,6,5,2,1,5,2,2,2,2,6,5,2,2,1,3,5,5,2,1,2,Female,18,3,1.727272727
0,1,0,1,1,1,1,0,1,1,3,3,3,3,3,4,4,3,4,3,3,4,3,2,5,5,4,5,5,2,4,5,5,5,5,5,5,5,5,5,5,5,4,6,3,4,4,3,3,6,4,5,3,3,2,1,5,4,2,3,2,3,6,5,2,1,1,Female,22,6,1.090909091
1,1,0,1,1,1,1,0,1,1,5,5,6,5,4,5,5,5,4,2,2,3,2,2,5,3,4,5,5,5,5,5,5,4,4,4,4,4,5,4,4,6,5,1,5,5,6,6,5,1,1,4,3,1,2,2,5,4,2,4,2,2,5,5,2,2,2,Female,22,2,1.090909091
1,1,0,1,1,1,1,0,1,1,5,5,6,5,5,6,5,6,4,4,4,4,3,3,5,5,6,5,5,5,5,5,4,4,4,4,5,5,5,5,4,5,5,4,5,5,5,4,4,4,4,5,1,1,1,1,6,6,1,1,1,1,6,5,1,1,1,Female,27,6,1
1,1,0,1,1,1,1,0,1,1,4,4,4,4,4,3,5,5,5,5,5,5,4,5,5,5,5,6,5,5,5,5,5,5,5,5,5,6,5,5,5,6,5,2,5,5,5,5,4,1,2,6,2,2,1,1,5,6,1,1,1,2,6,5,1,1,1,Female,21,3,1
1,1,0,1,1,1,1,0,1,1,6,6,6,6,6,4,5,6,4,1,4,2,1,1,6,4,5,5,6,5,6,3,5,5,3,5,3,5,4,4,4,5,5,2,5,5,5,4,5,2,1,5,2,2,1,1,5,6,2,1,1,2,5,5,1,1,1,Female,22,2,1.181818182
1,1,0,1,1,1,1,0,1,1,4,4,5,4,3,4,4,4,3,3,3,3,4,4,5,5,5,4,4,5,5,5,4,5,3,4,4,4,5,5,3,5,6,2,5,5,5,5,4,2,4,4,3,4,3,3,4,4,3,2,3,1,5,5,1,1,1,Female,25,3,1
1,1,0,1,1,1,1,0,1,1,4,3,4,4,5,5,5,4,4,4,4,5,3,3,5,5,5,5,5,5,6,5,6,5,5,5,4,5,5,5,4,6,4,2,5,6,6,6,4,1,3,5,1,4,3,3,6,6,1,4,1,2,5,5,2,2,2,Female,22,3,1
1,1,1,0,0,0,0,1,0,0,4,6,2,4,3,5,6,5,3,4,5,5,1,5,5,5,4,3,3,2,3,6,2,4,2,3,6,6,2,6,3,3,6,6,5,4,4,6,6,1,4,4,3,4,4,5,4,3,2,1,2,4,3,2,2,3,5,Female,22,5,1.727272727
1,1,0,1,1,1,1,0,1,1,5,5,5,6,5,5,6,5,4,2,4,3,3,4,5,4,5,5,5,5,5,4,5,5,3,5,5,4,5,5,5,5,5,3,5,5,4,4,5,5,2,6,1,2,1,1,5,5,1,3,1,1,6,6,1,1,1,Male,20,3,1
1,1,0,1,1,1,1,0,1,1,5,4,5,5,5,4,5,5,5,4,3,4,4,4,5,5,5,5,5,5,5,5,5,6,5,4,4,6,5,5,5,6,4,4,6,5,5,1,5,3,4,5,4,3,3,3,5,5,2,2,2,4,5,5,1,1,1,Female,26,5,1.272727273
1,1,0,1,1,1,1,0,1,1,5,3,4,4,4,4,2,4,5,4,4,4,4,4,4,4,4,4,5,5,5,5,5,5,5,5,4,5,4,5,5,6,5,2,5,5,5,5,6,1,2,5,3,2,3,2,5,5,2,4,2,2,4,5,2,2,2,Female,23,5,1
1,1,0,1,1,1,1,0,1,1,4,3,5,6,6,6,5,5,3,1,3,2,3,1,3,4,3,4,4,4,4,3,5,5,2,4,4,4,4,4,5,5,4,2,5,5,4,4,5,2,2,6,1,1,2,1,5,6,1,2,1,2,5,5,2,1,1,Male,21,3,1.090909091
1,1,1,0,1,0,0,0,0,0,4,3,4,3,3,3,3,4,4,3,4,3,3,4,5,5,5,5,5,5,4,4,5,5,3,4,4,4,4,4,3,5,5,5,4,4,4,4,3,5,4,5,2,2,2,2,5,5,2,2,2,2,5,4,2,2,2,Male,23,4,1.181818182
1,1,0,1,1,1,1,0,1,1,5,6,6,5,4,5,3,5,3,1,1,1,2,3,5,4,5,4,5,5,5,5,6,5,4,5,5,5,5,5,5,5,5,4,3,6,6,5,5,2,2,5,4,2,2,2,5,5,2,4,2,2,5,5,2,2,2,Female,25,4,1
1,1,0,1,1,1,1,0,1,1,6,4,5,5,2,4,4,4,1,1,2,1,1,1,3,2,4,5,4,5,5,6,4,2,4,4,4,4,5,4,4,6,5,6,6,5,5,3,5,6,6,5,1,5,2,2,5,5,2,4,2,3,5,4,2,2,2,Male,20,14,1.727272727
1,1,0,1,1,1,1,0,0,1,5,4,5,5,4,5,5,5,3,3,4,5,4,5,5,5,5,5,5,4,5,5,5,5,4,5,5,5,5,5,5,5,5,2,5,5,5,5,4,4,2,5,3,3,3,2,5,5,2,4,2,2,5,5,2,2,2,Female,21,3,1
1,1,1,1,0,1,1,0,1,1,5,3,5,4,2,3,2,3,5,2,2,4,2,5,3,5,4,4,4,4,4,5,5,5,3,4,5,5,5,5,4,4,5,5,3,4,4,4,3,5,4,5,2,2,1,1,5,5,2,5,2,2,5,4,2,2,2,Male,24,5,1
1,1,0,1,1,1,1,0,1,1,3,5,5,6,5,6,4,5,3,1,3,2,2,2,5,4,5,5,5,5,5,5,5,4,2,4,4,5,5,3,5,6,4,3,5,5,5,4,5,2,1,5,1,1,1,1,5,5,1,1,1,1,5,6,1,1,1,Female,24,1,1
1,1,0,1,1,1,1,0,1,1,4,3,4,1,2,4,4,1,3,1,2,2,1,1,5,5,5,5,5,5,5,5,5,5,5,5,5,5,5,5,5,6,4,5,4,5,5,5,2,1,4,5,3,2,2,2,5,5,2,2,2,2,5,5,2,2,2,Male,23,5,1
1,1,0,1,1,1,1,0,1,1,5,5,5,3,4,6,4,4,1,1,1,2,6,6,1,1,3,3,1,1,2,5,5,1,4,3,3,4,4,4,4,6,4,4,4,5,5,4,5,3,2,5,1,2,3,3,4,4,4,1,3,4,2,2,5,5,5,Female,22,6,1.636363636
1,1,0,1,1,1,1,0,1,1,4,5,5,1,5,4,5,4,4,5,6,6,4,5,5,6,5,6,5,5,5,5,5,5,4,4,5,6,4,4,4,5,5,5,4,5,4,3,5,6,3,6,2,1,1,1,6,6,1,3,1,1,5,6,2,1,1,Male,29,5,1
1,1,0,1,1,1,1,0,1,1,6,4,6,5,4,5,5,5,4,3,4,4,5,5,5,4,5,5,5,5,5,5,5,4,3,5,4,4,5,5,5,6,5,1,5,6,5,5,5,1,3,5,2,3,2,1,5,6,2,5,2,2,5,5,2,2,2,Male,23,1,1.272727273
1,1,0,1,1,1,1,0,1,1,5,4,5,5,6,6,5,6,5,4,3,4,3,3,5,6,5,5,6,5,5,5,6,6,5,6,5,6,6,6,5,6,5,2,6,6,6,3,5,2,4,6,4,2,1,1,6,6,1,4,1,1,6,5,1,1,1,Female,24,5,1.363636364
1,1,0,1,1,1,1,0,1,1,4,5,5,5,6,6,4,5,5,5,5,5,4,5,5,5,5,5,5,5,5,5,5,6,3,4,5,5,5,5,5,6,5,2,6,5,5,6,6,3,3,5,3,2,3,2,5,5,2,3,2,2,5,5,2,2,2,Male,22,2,1
1,1,0,1,1,1,1,0,1,1,6,4,5,5,6,6,4,5,5,1,2,2,1,3,5,5,5,5,5,5,5,4,6,6,4,5,5,3,5,5,5,5,6,4,6,5,5,6,5,1,5,5,2,3,1,1,6,5,1,3,1,1,6,6,1,1,1,Female,20,3,1
1,1,0,1,1,1,1,0,1,1,5,4,5,4,4,6,1,5,5,1,5,3,1,4,4,4,4,4,4,4,5,5,5,5,5,5,3,5,5,5,4,5,4,4,5,5,5,5,6,2,4,5,1,3,2,1,4,5,2,1,1,2,5,6,1,1,1,Female,21,4,1.272727273
1,1,0,1,1,1,1,0,1,1,5,5,5,5,4,4,4,5,4,4,4,5,4,4,4,5,5,5,5,4,5,6,5,5,5,5,6,6,5,6,5,5,5,2,6,6,6,6,5,1,3,5,3,3,3,3,5,5,3,3,3,3,5,5,3,3,3,Male,24,1,1.181818182
1,1,0,1,1,1,1,0,1,1,5,4,4,4,5,5,4,4,5,4,4,4,3,4,5,6,5,5,5,5,5,5,5,5,5,5,5,5,5,5,5,5,5,2,5,5,4,5,3,1,2,5,1,1,1,1,5,5,2,2,1,3,6,5,1,1,1,Female,27,5,1.272727273
1,1,0,1,1,1,1,0,1,1,4,4,5,4,5,4,3,5,4,3,4,4,4,3,5,5,5,5,5,4,5,5,5,5,4,5,5,5,5,5,4,5,5,3,5,5,5,5,4,4,2,5,4,3,2,2,5,5,2,4,2,2,6,5,2,2,2,Female,28,3,1
1,1,0,1,1,1,1,0,1,1,5,5,4,5,6,4,3,5,5,1,1,1,4,1,4,5,5,5,6,6,5,5,5,4,1,4,4,5,4,4,5,5,4,2,5,5,5,2,4,2,3,5,2,1,2,1,4,5,2,4,1,2,6,5,1,1,1,Female,21,3,1
1,1,0,1,1,1,1,0,1,1,5,3,5,4,5,4,2,4,5,3,4,4,4,5,5,5,5,5,5,4,5,4,5,4,3,5,4,5,4,4,4,6,5,2,5,5,6,5,4,1,1,5,1,3,1,1,5,5,1,2,1,4,5,5,2,1,2,Female,22,2,1
0,1,0,1,1,1,1,0,1,1,5,4,4,4,4,5,4,4,4,1,2,3,3,4,3,4,4,4,4,4,4,4,4,3,3,3,3,4,4,3,3,6,4,5,5,5,4,4,5,4,4,4,2,4,2,3,4,4,3,4,3,3,5,4,2,3,3,Female,20,5,1.090909091
1,0,0,1,1,1,1,0,1,1,5,4,5,5,4,5,5,4,4,2,3,3,3,4,6,5,5,4,5,4,4,5,5,5,4,4,5,5,5,4,4,6,5,2,5,5,5,6,5,2,2,5,3,2,3,2,5,5,2,3,2,3,5,5,2,2,2,Male,20,7,1
1,0,1,0,1,0,1,1,1,0,5,4,4,3,6,6,5,4,3,1,1,2,1,1,1,1,5,4,5,6,4,5,2,4,1,2,2,1,1,1,4,4,6,6,5,4,4,2,4,6,2,6,1,3,1,1,5,5,1,1,1,2,6,4,1,1,1,Male,20,4,1.090909091
1,1,0,1,1,1,1,0,1,1,4,4,4,4,5,5,5,5,5,1,1,1,1,6,5,1,4,1,4,4,4,2,5,4,1,2,2,5,2,2,3,5,4,4,5,4,5,5,5,4,4,5,1,1,1,2,2,4,1,1,1,3,4,4,3,3,3,Male,22,3,1
1,1,0,1,1,1,1,0,1,1,5,5,5,4,4,5,4,4,3,3,2,3,4,3,5,5,5,5,5,5,5,5,5,5,5,5,5,5,5,5,5,5,5,6,4,4,5,5,4,6,2,5,3,2,2,2,5,5,2,3,2,3,5,5,3,2,2,Female,39,4,1.181818182
1,1,0,1,1,1,1,0,1,1,5,4,6,5,6,6,6,4,2,1,3,2,2,1,5,3,6,5,6,5,5,4,5,5,3,4,5,4,4,3,4,6,3,4,4,5,4,4,4,3,4,5,1,2,2,1,6,5,1,1,1,1,5,6,1,1,1,Female,24,5,1
1,1,0,1,1,1,1,0,1,1,6,4,6,6,5,5,5,5,4,1,3,4,1,2,2,2,4,4,3,4,4,5,5,5,4,4,5,5,5,5,4,5,6,1,5,6,5,5,5,1,1,6,1,1,1,1,5,6,1,1,1,1,6,5,1,1,1,Female,19,5,1
1,1,0,1,1,1,1,0,1,1,5,5,5,4,5,5,6,5,4,3,4,4,3,5,6,5,6,5,6,6,5,5,5,4,3,4,4,5,5,5,4,6,5,2,5,5,5,3,6,2,2,6,3,2,1,1,6,6,1,2,1,1,6,5,1,1,1,Female,21,4,1.090909091
1,1,0,1,1,1,1,0,1,1,5,5,5,5,4,4,5,4,5,1,3,3,1,1,5,3,5,4,4,4,5,4,5,5,5,5,6,6,5,5,5,5,5,5,5,5,4,1,5,6,2,5,2,4,2,2,4,5,1,3,2,2,5,5,2,2,2,Male,23,3,1
1,1,0,1,1,1,1,0,1,1,5,4,5,4,5,6,5,6,3,1,1,4,1,1,4,4,4,4,4,4,1,5,5,4,3,5,4,6,6,4,4,5,5,1,5,5,6,5,4,3,2,4,4,3,3,2,4,4,3,4,2,2,6,5,1,2,1,Female,22,2,1.545454545
1,1,0,1,1,1,1,0,1,1,5,5,6,6,6,6,6,6,4,2,4,4,4,5,6,4,4,5,5,6,5,4,5,5,4,5,5,6,6,5,5,6,4,2,6,4,6,4,5,1,1,5,1,1,1,2,5,5,1,3,1,3,4,4,1,3,1,Female,19,5,1.636363636
1,1,0,1,1,1,1,0,1,1,5,6,5,5,3,3,4,4,3,1,1,4,1,2,6,5,5,5,5,5,5,5,4,5,4,4,4,4,4,3,5,5,4,3,5,5,4,5,3,3,1,5,1,3,1,1,5,5,1,1,1,3,5,5,2,1,1,Female,20,3,1.181818182
1,1,0,1,1,1,1,0,1,1,6,5,6,5,4,5,5,4,5,1,2,4,2,4,5,5,5,5,5,5,5,5,6,4,2,4,4,5,5,3,4,6,5,2,6,5,4,4,5,4,4,4,1,4,2,2,5,4,2,2,2,2,6,4,2,1,2,Female,19,5,1.363636364
1,1,0,1,1,1,1,0,1,1,5,5,5,5,4,5,5,6,4,3,3,4,3,3,5,4,4,4,4,4,4,5,5,4,3,4,3,4,4,3,4,5,4,3,5,4,5,5,4,4,4,5,3,3,3,3,5,5,3,3,3,3,5,4,3,3,3,Female,37,12,1
1,1,0,1,1,1,1,0,1,1,4,4,5,4,3,2,6,5,3,2,3,3,2,3,6,4,6,6,6,6,6,5,5,4,4,5,4,6,5,5,5,5,5,1,5,6,6,6,5,3,2,6,3,1,1,1,6,6,1,1,1,1,6,6,1,1,1,Female,21,4,1
1,1,1,1,1,1,1,1,1,1,6,6,6,6,5,5,5,6,3,1,5,3,3,1,5,1,5,5,5,5,5,4,6,3,3,5,5,6,6,4,6,6,5,1,5,5,5,4,5,6,2,6,2,2,1,1,6,4,1,4,1,3,6,4,1,1,1,Female,20,3.948533773,1
0,1,0,1,1,1,1,0,1,1,4,3,2,2,2,2,3,2,2,2,1,3,2,2,2,2,3,2,2,3,4,5,4,3,3,3,2,2,2,3,3,3,2,1,4,3,5,5,1,2,1,4,3,4,2,3,4,3,3,4,3,5,4,3,4,4,4,Female,21,3,1.272727273
1,1,0,1,1,1,1,0,1,1,5,4,4,4,5,5,5,5,4,3,4,4,3,4,5,5,6,5,6,6,6,5,5,4,4,5,4,5,4,4,4,5,5,2,5,5,6,5,5,1,2,6,1,1,1,1,6,6,1,1,1,1,6,6,1,1,1,Female,19,2,1
1,1,0,1,1,1,1,0,1,1,5,4,5,5,5,5,4,4,2,1,3,4,5,5,6,4,6,5,5,5,5,4,6,5,3,5,5,5,5,5,4,5,6,4,6,6,5,5,5,5,4,6,1,1,1,1,5,5,1,2,1,1,6,6,1,1,1,Female,20,4,1
1,1,0,1,1,1,1,0,1,1,5,1,5,2,5,6,6,6,3,1,3,4,3,2,5,2,5,5,5,5,2,5,5,2,3,5,5,5,4,5,4,5,6,6,6,6,5,5,3,6,1,6,3,1,1,1,6,4,1,1,1,3,6,4,1,1,1,Female,21,8,2.545454545
1,1,0,1,1,1,1,0,1,1,3,1,5,1,5,5,6,6,5,1,2,3,1,5,6,6,6,6,5,5,5,4,6,5,4,5,6,6,6,5,4,5,4,1,5,5,5,5,5,1,4,5,1,1,1,1,6,6,1,1,1,3,6,5,1,1,1,Female,20,3,1.090909091
1,1,0,1,1,1,1,0,1,0,6,4,5,5,3,2,2,3,5,2,4,3,2,3,6,5,5,5,6,6,5,6,6,5,5,5,6,6,6,5,5,6,2,4,5,3,5,1,6,2,3,6,2,3,2,2,6,4,2,2,2,1,6,4,1,2,2,Male,22,2,1
1,0,0,1,1,1,1,0,1,1,6,4,6,5,6,5,6,5,6,2,5,5,3,5,5,5,5,4,5,3,5,4,5,4,2,3,4,5,4,4,5,5,6,6,4,4,5,4,5,6,4,5,3,1,1,1,6,5,1,1,1,1,6,4,1,1,1,Male,23,10,1.363636364
1,1,0,1,1,1,1,0,1,1,5,4,4,3,4,4,4,6,6,2,3,5,6,6,6,5,6,5,6,5,5,4,6,5,5,6,5,5,5,5,4,4,5,6,4,6,6,4,5,1,4,5,2,1,1,1,5,3,1,1,1,1,6,4,1,1,1,Female,20,3,1.090909091
1,1,0,1,1,1,1,0,1,1,4,3,4,4,4,4,3,4,4,2,2,4,2,2,3,4,5,5,4,5,5,5,5,4,4,4,4,4,4,4,4,6,5,2,5,5,5,4,5,1,4,5,1,2,1,1,5,5,1,1,1,3,5,4,2,1,1,Female,20,3,1
1,1,0,1,1,1,1,0,1,1,6,6,6,6,5,6,4,6,3,1,3,5,3,4,4,5,4,5,6,5,5,5,6,5,2,1,2,4,5,4,5,5,5,4,4,5,5,4,4,4,4,6,4,3,3,3,6,4,3,4,1,4,4,4,3,3,3,Female,19,15,1.090909091
1,0,1,1,0,0,1,0,1,1,4,5,4,3,3,5,2,4,4,2,2,3,2,2,3,5,4,5,5,2,4,5,4,4,3,3,3,4,3,4,3,5,4,3,4,5,5,5,3,2,4,5,3,5,3,2,4,5,3,5,3,4,4,5,2,3,3,Female,19,5,1.090909091
1,1,0,1,1,1,1,0,1,1,4,4,2,3,3,4,4,2,1,1,1,1,1,1,4,3,4,4,4,4,2,4,4,4,3,5,4,5,4,4,5,5,5,5,5,5,5,4,4,4,2,4,1,1,1,1,5,1,2,2,5,2,5,4,2,1,1,Male,24,8,3.272727273
1,1,0,1,1,1,1,0,1,1,6,5,6,6,6,5,5,6,4,6,4,4,3,5,3,2,5,6,5,5,5,6,6,4,4,5,5,5,4,5,5,5,6,4,5,6,5,5,6,6,1,5,5,5,2,1,5,5,4,4,1,4,5,4,2,3,3,Male,21,8,1.454545455
1,1,0,1,0,1,1,0,1,1,4,4,4,4,6,4,5,5,6,2,3,3,5,4,5,5,5,4,6,5,4,5,5,5,5,5,6,5,6,5,5,5,4,2,5,5,5,6,5,4,3,5,3,2,2,2,5,5,3,3,1,1,5,5,2,1,1,Female,29,5,1.272727273
0,0,1,0,0,0,0,0,1,0,5,5,5,5,6,5,4,6,4,3,4,4,3,5,6,6,6,5,6,5,4,5,4,4,4,5,4,4,5,4,5,6,5,1,5,6,6,6,6,1,2,6,1,1,1,1,6,5,1,1,1,1,6,4,1,1,1,Female,20,3,1
1,1,1,1,1,1,1,0,1,1,6,6,6,6,6,5,5,5,4,3,3,4,3,4,4,4,5,4,4,4,4,5,4,4,5,5,5,6,4,5,4,6,6,4,5,6,5,3,5,4,3,5,2,3,3,3,5,4,2,5,2,3,5,5,2,2,2,Male,22,8,1.090909091
1,1,0,1,1,1,1,0,1,0,6,6,6,5,4,5,5,4,5,3,3,4,4,2,5,6,5,5,6,6,6,4,5,5,4,6,4,6,5,4,4,6,6,1,6,5,6,5,5,1,1,5,1,1,1,1,6,6,1,1,1,1,6,6,1,1,1,Female,21,4,1
1,1,0,1,1,1,1,0,1,1,3,4,4,4,4,4,4,5,3,2,2,2,2,1,4,3,5,4,4,2,5,5,4,4,4,4,3,2,2,4,5,4,4,5,5,5,5,3,5,5,2,5,2,1,2,1,5,5,1,4,2,3,5,5,2,2,2,Male,33,5,1.818181818
1,0,0,0,0,1,1,0,1,1,6,5,6,5,5,5,4,5,3,2,4,2,3,4,4,5,5,5,5,5,5,5,5,5,3,5,3,6,5,4,5,6,5,1,5,5,6,6,5,2,1,5,1,2,2,1,6,5,2,4,1,4,4,4,3,3,3,Female,19,8,1.181818182
1,1,0,0,0,1,1,0,0,1,4,5,3,5,5,5,5,6,5,3,4,4,4,4,5,5,5,5,5,5,5,6,5,6,5,5,5,6,5,5,5,6,6,1,6,6,6,5,6,1,1,5,2,1,1,1,3,4,2,3,2,1,6,5,2,1,1,Female,24,1,1
1,1,0,1,1,1,1,0,1,1,5,2,5,4,5,5,5,6,6,2,3,4,3,3,5,5,5,5,6,3,5,5,6,5,2,5,6,6,6,5,5,5,4,2,5,5,5,2,5,4,2,5,3,1,1,1,5,6,1,1,1,2,5,5,1,1,1,Male,31,4,1
1,1,0,1,1,1,1,0,1,1,6,6,6,4,6,6,6,6,3,2,2,1,2,1,6,6,5,5,5,5,4,5,5,2,5,5,3,1,4,5,5,6,5,1,6,6,6,5,6,1,1,6,2,1,1,2,6,5,1,2,1,2,5,4,1,1,1,Female,21,3,1.181818182
0,0,0,1,1,1,1,0,1,1,6,6,4,4,5,5,4,4,2,4,5,3,5,4,3,5,4,4,5,4,4,5,5,3,2,3,5,5,4,4,4,4,4,6,3,4,4,6,2,4,4,5,1,1,1,1,6,6,1,1,1,1,6,6,1,1,1,Male,23,3,1
1,1,0,1,1,0,1,0,1,1,3,4,4,4,4,5,5,4,3,1,1,2,1,1,4,4,4,3,4,4,2,5,4,4,4,5,4,5,3,4,3,4,4,6,4,4,4,2,5,6,4,5,2,2,1,2,5,5,2,2,1,2,5,5,2,1,1,Male,19,10,1.090909091
1,1,0,1,1,1,1,1,1,1,6,3,4,3,4,2,4,4,5,3,3,5,6,3,4,5,4,5,5,3,4,4,5,5,5,5,6,6,6,5,4,5,5,1,5,4,5,5,4,2,2,5,3,2,2,2,4,5,2,4,2,3,5,5,2,2,2,Female,21,4,1.090909091
1,1,0,1,1,1,1,0,1,1,4,2,4,4,3,6,4,4,4,3,3,4,3,4,5,5,5,5,5,5,5,5,5,4,3,4,4,4,4,4,5,5,4,4,5,5,5,6,5,6,4,4,2,2,2,2,5,5,2,6,1,2,5,5,2,2,2,Female,20,5,1
1,1,0,1,1,1,1,0,1,1,4,4,3,4,4,3,3,4,4,3,2,4,4,3,5,4,5,5,5,5,4,4,5,5,4,5,4,5,5,4,4,5,5,4,5,4,5,6,5,2,2,5,1,3,1,1,5,4,1,3,1,1,5,5,2,2,2,Female,20,6,1
1,1,0,1,1,1,1,0,1,1,5,3,4,5,5,4,5,4,4,1,3,3,3,3,5,3,5,5,5,4,4,3,4,4,2,4,2,3,3,4,4,5,5,2,5,5,5,4,5,2,3,5,3,3,3,3,5,5,3,3,3,3,5,4,3,3,3,Female,23,5,1
1,1,0,1,1,1,1,0,1,1,5,2,6,4,2,6,5,5,3,1,1,3,1,5,3,5,6,5,6,5,4,4,4,5,4,4,4,6,5,4,4,3,6,4,5,6,6,6,5,2,1,5,1,1,1,1,6,5,1,1,1,1,6,6,1,1,1,Female,21,12,1
1,1,0,1,1,1,1,0,1,1,6,5,6,6,6,6,6,6,3,1,1,4,2,2,3,5,3,4,4,5,4,4,6,5,3,6,2,5,6,5,5,6,6,1,5,6,6,6,5,1,4,5,1,1,1,1,6,5,1,4,1,1,5,5,1,1,1,Female,21,4,1.272727273
1,1,0,1,1,1,1,0,1,1,3,4,4,4,6,4,4,5,3,2,3,2,1,2,5,4,5,4,4,5,3,4,4,4,2,2,3,4,3,3,2,6,5,1,5,6,5,5,4,1,2,5,2,2,3,5,5,5,2,2,2,2,5,5,2,2,2,Female,22,4,1.181818182
0,0,1,1,1,1,0,1,1,1,6,4,6,5,5,6,5,3,5,5,4,5,4,5,5,6,5,5,5,5,5,5,6,5,5,5,6,6,6,6,5,6,5,5,5,5,4,5,4,6,2,5,5,3,2,2,6,6,2,4,2,1,6,5,2,2,2,Male,20,1,1.090909091
0,1,0,1,1,1,1,0,1,0,6,6,5,6,6,6,6,6,3,1,3,3,1,1,4,4,5,3,5,5,6,5,6,4,4,5,5,6,6,5,6,6,6,2,6,5,5,3,5,4,1,6,3,1,1,1,5,4,1,1,1,1,6,5,1,1,1,Female,20,4,1.090909091
1,1,0,1,1,1,1,0,1,1,5,2,5,5,4,5,5,6,3,2,4,5,4,5,5,5,5,5,5,5,5,5,5,5,3,5,5,5,5,5,5,5,5,1,5,6,5,6,5,1,1,5,3,1,1,1,5,5,2,4,1,3,5,5,2,1,1,Female,19,5,1
0,0,1,0,0,1,1,1,0,1,6,4,5,5,5,5,4,5,5,2,1,4,4,2,3,4,5,4,5,3,4,5,5,4,4,5,4,5,5,5,4,6,6,1,5,6,6,6,5,1,1,5,3,2,2,1,5,4,1,2,1,1,6,4,1,1,1,Female,21,6,1
0,1,0,1,1,1,1,0,1,1,5,4,5,2,2,3,4,4,3,1,1,1,5,3,3,5,5,5,5,5,5,5,5,4,4,5,5,5,3,4,3,6,5,6,5,5,6,1,4,1,1,6,2,1,1,1,6,5,1,1,1,2,6,1,1,1,1,Male,23,4,1.363636364
1,1,0,1,1,1,1,0,1,1,4,5,4,4,4,5,5,4,4,3,3,4,4,4,5,4,4,4,4,4,4,5,5,4,4,3,3,4,4,3,4,5,4,2,4,5,4,5,4,2,3,5,2,2,2,2,5,5,2,2,2,3,4,4,3,3,3,Female,19,2,1.090909091
1,1,0,1,1,1,1,0,1,1,6,6,4,6,5,6,6,6,3,2,1,3,2,3,6,5,5,5,5,5,4,5,6,5,4,4,5,5,5,5,5,6,6,1,6,6,5,6,5,1,1,6,1,1,1,1,4,5,1,3,3,1,6,5,2,1,2,Female,18,2,1.090909091
1,1,0,0,1,1,0,1,0,1,6,5,6,6,5,5,5,6,2,2,1,2,1,1,5,5,4,4,5,4,5,4,5,5,5,5,5,5,5,5,5,5,5,1,5,6,5,6,5,1,1,5,2,2,2,2,6,4,2,2,1,3,5,5,2,1,2,Female,21,6,1.272727273
1,1,0,1,1,1,1,0,1,1,5,4,5,3,4,4,5,5,5,4,4,5,6,4,6,6,6,6,6,4,6,5,5,5,5,5,5,6,6,5,5,6,6,1,5,6,5,6,4,4,3,6,1,2,1,1,5,5,1,1,1,1,5,6,1,1,1,Female,19,2,1
1,1,0,1,1,1,1,0,1,1,6,5,6,6,4,5,5,5,6,2,3,3,3,4,5,5,4,5,5,4,5,6,6,6,5,5,6,6,6,6,6,5,5,1,5,5,5,4,5,1,3,5,4,1,2,1,6,5,1,2,1,4,5,4,3,3,3,Female,19,5,1.181818182
1,1,0,1,1,1,1,0,1,1,6,6,6,5,4,5,5,6,5,1,1,2,1,1,4,4,6,4,4,4,5,5,6,5,6,6,6,5,6,6,6,5,5,1,5,6,6,6,4,2,2,5,2,1,2,1,5,5,1,4,1,1,5,5,1,1,1,Female,20,5,1.454545455
1,1,0,1,1,1,1,0,1,1,4,5,5,6,6,6,5,5,3,2,3,3,3,4,4,5,5,5,5,5,4,5,5,3,2,3,1,3,4,2,5,6,5,4,5,4,6,6,5,2,3,5,2,1,2,2,6,2,2,1,2,2,5,4,1,1,1,Female,20,7,1
1,1,1,0,0,0,1,1,1,0,5,5,5,4,4,3,4,5,4,4,5,5,6,5,4,5,5,5,6,6,5,6,5,6,5,6,6,6,6,5,5,5,5,1,5,5,5,6,4,1,3,6,2,1,1,1,5,6,1,4,2,1,6,6,1,1,1,Female,20,3.948533773,1.545454545
1,1,0,1,1,0,1,0,1,1,5,5,6,5,5,6,4,6,4,1,2,4,3,4,5,5,2,4,6,5,4,6,5,5,4,5,3,6,6,5,4,6,5,1,5,6,6,6,4,1,2,5,2,3,2,2,6,5,2,5,1,2,5,5,1,1,1,Female,23,6,1.545454545
1,1,0,1,1,1,1,0,1,1,6,4,5,4,5,4,4,4,5,4,5,5,1,4,4,5,5,5,5,5,5,5,6,5,4,5,4,4,5,4,4,6,6,2,5,5,5,5,5,1,2,6,3,3,1,1,5,5,1,1,1,2,6,5,1,1,1,Female,20,4,1
0,1,0,1,1,1,1,0,1,1,5,4,5,5,5,6,5,4,3,3,2,3,3,3,4,3,3,3,4,4,3,4,4,2,4,4,3,5,3,4,4,5,5,2,6,4,4,4,6,5,1,5,1,1,2,2,5,5,1,2,2,2,4,5,2,1,1,Female,25,6,1
1,1,0,1,1,1,1,0,1,1,5,5,5,5,6,5,6,6,3,3,3,3,4,4,3,4,4,5,4,4,4,5,5,5,4,5,4,5,4,5,4,6,5,3,4,6,5,5,5,6,2,6,2,2,1,1,5,5,1,3,1,1,6,5,1,1,1,Female,19,4,1.454545455
1,1,0,1,1,1,1,0,1,1,6,4,6,4,4,5,5,6,4,1,1,1,6,1,5,3,5,4,5,5,1,4,6,4,5,5,3,5,5,5,3,6,6,5,5,5,5,6,6,2,2,6,1,1,1,1,5,5,1,2,1,1,6,4,1,1,1,Female,21,3,1.090909091
0,0,0,0,0,1,0,0,0,1,6,5,5,4,5,6,6,5,4,1,1,4,2,4,1,4,5,4,4,5,5,4,5,4,5,4,4,5,5,3,5,5,5,4,4,5,4,4,4,2,2,6,3,4,1,1,5,5,1,2,2,2,6,5,2,1,1,Male,20,3,1.454545455
1,1,0,1,1,1,1,0,1,1,4,5,5,5,5,5,5,5,5,4,4,4,4,4,4,4,5,4,5,5,5,5,4,4,4,5,4,5,4,4,4,5,5,4,5,5,5,5,6,4,2,5,2,4,2,2,5,5,4,4,3,3,5,6,2,2,2,Male,25,2,1
0,1,0,1,1,1,1,0,1,1,4,4,4,3,6,4,6,4,3,1,3,3,3,2,4,3,5,4,5,5,5,4,4,3,5,5,4,5,4,5,3,5,4,2,5,2,5,2,5,4,1,5,3,2,1,1,5,5,1,1,1,1,6,5,1,1,1,Female,23,3,1.272727273
1,0,0,1,1,1,1,0,1,1,6,5,6,6,4,6,6,6,3,2,3,2,2,3,5,3,5,4,4,4,4,5,5,4,4,5,4,5,5,3,5,5,5,3,5,5,5,5,5,3,3,5,4,2,1,1,6,5,2,2,1,2,5,4,1,2,1,Female,22,1,1.090909091
1,1,0,1,1,1,1,0,1,1,2,3,4,6,6,4,2,4,4,1,3,1,3,1,6,4,5,4,5,5,5,5,5,4,5,5,3,2,5,3,5,6,4,2,5,4,4,5,5,3,3,5,4,3,2,2,3,5,2,5,2,2,4,4,4,2,2,Male,25,8,1.363636364
1,1,0,1,1,1,1,0,1,1,5,4,4,4,5,5,5,5,3,2,2,2,2,2,4,4,4,4,4,4,4,4,5,3,3,4,2,4,4,4,2,5,4,1,5,4,5,4,4,1,1,5,1,1,2,2,5,5,1,2,1,6,2,3,5,5,2,Female,20,3,1.363636364
1,1,0,1,1,1,1,0,1,1,6,6,4,6,4,4,5,5,3,1,1,1,1,1,5,1,5,1,4,1,4,6,5,5,4,5,5,5,1,5,5,5,5,4,5,5,4,5,5,6,2,6,4,1,1,1,5,6,1,6,1,1,6,5,1,1,1,Female,24,1,1
1,1,1,1,1,1,1,0,1,1,6,6,6,6,6,6,6,6,3,1,1,1,1,1,5,6,5,6,6,1,6,2,4,2,2,2,3,3,3,2,4,6,5,1,6,4,4,6,6,1,1,6,3,2,2,2,6,6,1,2,1,1,6,5,1,1,1,Female,22,2,1
1,1,0,1,1,1,1,0,1,1,5,5,5,5,5,5,5,5,4,2,2,2,2,2,5,5,5,5,5,5,5,5,4,3,4,5,4,5,5,4,4,5,5,3,5,5,5,4,5,3,3,5,2,3,2,2,5,5,2,3,2,2,5,5,2,2,2,Female,33,6,1.363636364
1,1,0,1,1,1,1,0,1,1,5,4,5,4,5,5,4,5,5,1,2,2,2,1,5,4,5,4,5,4,5,5,5,5,4,5,5,5,5,5,5,5,5,2,6,5,5,4,5,4,3,5,3,3,3,3,5,5,3,3,3,2,5,5,2,2,2,Female,25,2,1
1,1,0,1,1,1,1,0,1,1,5,3,5,5,5,5,5,4,3,2,1,2,1,2,5,3,5,3,5,5,5,5,5,5,5,4,5,5,5,5,5,6,5,3,5,5,6,5,3,4,5,5,2,4,2,2,5,5,2,3,2,5,5,5,2,2,2,Male,23,3,1.090909091
1,1,0,1,1,1,1,0,1,1,6,5,5,5,5,5,4,5,4,3,3,4,3,3,5,5,5,5,5,5,5,5,5,5,4,5,4,5,5,4,5,6,5,3,5,5,5,4,5,4,2,5,2,1,1,1,6,6,1,2,1,2,6,5,1,1,1,Female,45,2,1
1,1,0,1,1,1,1,0,1,1,6,4,5,5,4,4,4,4,4,2,3,2,2,1,3,3,5,2,2,2,4,5,5,4,4,4,4,4,4,4,4,6,5,4,6,4,4,4,4,2,1,5,1,1,1,1,6,6,1,1,1,2,5,5,2,1,1,Male,23,3,1.636363636